id,title,information
1,Python Developer,We are looking for a Python developer with experience in web development frameworks like Django or Flask. Knowledge of database systems and cloud platforms is a plus. Required skills: python;django;flask;mysql;postgresql;aws
2,Network Administrator,"Seeking a network administrator to manage and maintain our IT infrastructure. Experience with Cisco systems, firewalls, and cloud services required. Required skills: networking;cisco;firewall;vpn;tcp/ip;aws;azure"
3,Full Stack Developer,Join our team as a full stack developer working on cutting-edge web applications. Experience with JavaScript frameworks and backend technologies required. Required skills: javascript;react;node.js;mongodb;git;html;css
4,IT Support Specialist,"We are hiring an IT support specialist to provide technical assistance to our staff. Experience with Windows and Linux systems, networking, and hardware troubleshooting required. Required skills: it support;troubleshooting;windows;linux;networking;hardware"
5,Cloud Solutions Architect,"Design and implement cloud-based solutions for our clients. Experience with AWS, Azure, or GCP required, along with strong project management skills. Required skills: aws;azure;gcp;cloud architecture;project management"
6,Database Administrator,"Manage and optimize our database systems. Experience with MySQL, PostgreSQL, and MongoDB required. Required skills: mysql;postgresql;mongodb;database management"
7,DevOps Engineer,"Implement and maintain CI/CD pipelines. Experience with Docker, Kubernetes, and cloud platforms required. Required skills: docker;kubernetes;jenkins;aws;azure;git;linux"
8,Cybersecurity Analyst,"Protect our systems from security threats. Experience with network security, firewalls, and intrusion detection systems required. Required skills: cybersecurity;network security;firewall;linux;windows"
9,Software Engineer,Develop high-quality software solutions. Strong programming skills and experience with agile methodologies required. Required skills: python;java;javascript;git;agile;problem solving
10,System Administrator,"Manage and maintain our server infrastructure. Experience with Windows and Linux systems, Active Directory, and cloud services required. Required skills: system administration;windows;linux;active directory;aws;azure"
11,Marketing Manager,"Lead our marketing team in developing and implementing marketing strategies. Experience with digital marketing, social media, and campaign management required. Required skills: marketing;social media;campaign management;analytics;content strategy"
12,Financial Analyst,"Analyze financial data and prepare reports for management. Experience with financial modeling, Excel, and data analysis required. Required skills: financial analysis;excel;data analysis;forecasting;accounting"
13,Registered Nurse,Provide patient care in our medical-surgical unit. Current RN license and experience in acute care required. Required skills: nursing;patient care;medical knowledge;critical thinking;communication
14,Elementary School Teacher,Teach elementary school students in a supportive environment. Teaching certification and experience with curriculum development required. Required skills: teaching;curriculum development;classroom management;communication
15,Human Resources Manager,"Oversee HR functions including recruitment, employee relations, and policy development. Experience with HR management and knowledge of employment laws required. Required skills: human resources;recruitment;employee relations;conflict resolution;hr policies"
16,Graphic Designer,Create visual concepts for our clients. Proficiency in Adobe Creative Suite and experience with branding and typography required. Required skills: graphic design;adobe photoshop;adobe illustrator;typography;branding
17,Sales Representative,Sell our products to businesses and individuals. Experience in sales and customer relationship management required. Required skills: sales;customer relationship management;negotiation;communication
18,Mechanical Engineer,Design and develop mechanical systems and components. Experience with CAD software and product development required. Required skills: mechanical engineering;autocad;solidworks;product development;problem solving
19,Chef,Create and prepare dishes for our fine dining restaurant. Culinary degree and experience in upscale restaurants required. Required skills: cooking;menu planning;food preparation;culinary arts;kitchen management
20,Project Manager,Manage construction projects from inception to completion. Experience with construction management and knowledge of building codes required. Required skills: project management;construction;budgeting;scheduling;building codes
21,Data Scientist,"Analyze large datasets to extract insights. Experience with Python, R, and machine learning required. Required skills: python;r;machine learning;data analysis;statistics;sql"
22,Content Writer,Create engaging content for our websites and social media. Experience with SEO and content strategy required. Required skills: content writing;seo;editing;research;social media
23,Accountant,Prepare financial statements and tax returns. CPA certification and experience with accounting software required. Required skills: accounting;tax preparation;financial reporting;quickbooks;excel
24,UX/UI Designer,Design user interfaces for web and mobile applications. Experience with user research and prototyping tools required. Required skills: ux design;ui design;figma;sketch;user research;prototyping
25,Pharmacist,Dispense medications and provide patient counseling. PharmD degree and current pharmacist license required. Required skills: pharmacy;medication management;patient counseling;healthcare
26,Civil Engineer,Design and oversee construction of infrastructure projects. PE license and experience with CAD software required. Required skills: civil engineering;autocad;structural analysis;project management
27,Social Media Manager,Manage social media accounts for our clients. Experience with content creation and analytics tools required. Required skills: social media;content creation;analytics;hootsuite;buffer
28,Physical Therapist,Provide physical therapy services to patients. DPT degree and current PT license required. Required skills: physical therapy;patient assessment;treatment planning;rehabilitation
29,Customer Service Representative,Assist customers with inquiries and resolve issues. Experience with customer service and problem-solving required. Required skills: customer service;communication;problem solving;patience
30,Operations Manager,Oversee daily operations of our manufacturing facility. Experience with production management and lean principles required. Required skills: operations management;manufacturing;lean;supply chain;inventory management
31,Legal Assistant,Support attorneys with case preparation and document management. Experience with legal research and document drafting required. Required skills: legal research;document preparation;case management;attention to detail
32,Electrician,Install and maintain electrical systems. Journeyman or Master Electrician license required. Required skills: electrical systems;wiring;troubleshooting;blueprint reading
33,Event Planner,Plan and coordinate events for our clients. Experience with event management and vendor relations required. Required skills: event planning;vendor management;budgeting;coordination;creativity
34,Dental Hygienist,Provide dental hygiene services to patients. Dental hygienist license and experience in a dental office required. Required skills: dental hygiene;patient care;oral health;sterilization procedures
35,Supply Chain Analyst,Analyze supply chain data and recommend improvements. Experience with logistics and inventory management required. Required skills: supply chain;logistics;inventory management;data analysis;forecasting
36,Real Estate Agent,Help clients buy and sell properties. Real estate license and sales experience required. Required skills: real estate;sales;negotiation;market analysis;client relations
37,Video Editor,Edit video content for our clients. Proficiency in Adobe Premiere Pro and After Effects required. Required skills: video editing;adobe premiere;after effects;storytelling;audio editing
38,Environmental Scientist,Conduct environmental assessments and research. Degree in environmental science and field experience required. Required skills: environmental science;data collection;report writing;field research
39,Insurance Agent,Sell insurance products to clients. Insurance license and sales experience required. Required skills: insurance;sales;risk assessment;customer service;financial planning
40,Fitness Trainer,Provide personal training services to members. Certification in personal training and fitness experience required. Required skills: personal training;exercise science;nutrition;motivation;program design
41,Truck Driver,Transport goods across the country. CDL license and clean driving record required. Required skills: cdl;driving;logistics;time management;safety procedures
42,Veterinarian,Provide medical care to animals. DVM degree and veterinary license required. Required skills: veterinary medicine;animal care;surgery;diagnostics;client communication
43,Flight Attendant,Ensure passenger safety and comfort during flights. Customer service experience and flexibility for travel required. Required skills: customer service;safety procedures;conflict resolution;foreign languages
44,Librarian,Manage library resources and assist patrons. Master's degree in Library Science required. Required skills: library science;research;cataloging;information management;public service
45,Welder,Perform welding tasks in our manufacturing facility. Welding certification and experience with various welding techniques required. Required skills: welding;blueprint reading;fabrication;quality control
46,Psychologist,Provide psychological services to clients. PhD in Psychology and license to practice required. Required skills: psychology;therapy;assessment;treatment planning;clinical documentation
47,Interior Designer,Create interior designs for residential and commercial spaces. Degree in Interior Design and portfolio of work required. Required skills: interior design;space planning;color theory;autocad;client relations
48,Agricultural Manager,Manage farm operations and staff. Experience with agricultural management and crop planning required. Required skills: agriculture;farm management;crop planning;equipment maintenance;staff supervision
49,Journalist,Research and write news stories. Degree in Journalism and writing experience required. Required skills: journalism;writing;research;interviewing;editing
50,Hotel Manager,Oversee all aspects of hotel operations. Experience in hospitality management and customer service required. Required skills: hospitality management;customer service;staff supervision;budgeting;problem solving
51,Credit Analyst,"Optimize innovative niches. We are seeking a credit analyst who can Then behind building seven. This role requires skills in man, shake, teach, model and strong teamwork abilities."
52,Supply Chain Manager,"Generate rich initiatives. We are seeking a supply chain manager who can Black white list parent. This role requires skills in edge, responsibility, wear, whole and strong teamwork abilities."
53,Frontend Developer,"Evolve vertical synergies. We are seeking a frontend developer who can In marriage determine evidence sea. This role requires skills in sister, suddenly, man, college and strong teamwork abilities."
54,Healthcare Administrator,"Whiteboard leading-edge info-mediaries. We are seeking a healthcare administrator who can Final he center. This role requires skills in her, offer, accept, go and strong teamwork abilities."
55,Industrial Engineer,"Aggregate plug-and-play action-items. We are seeking a industrial engineer who can Stay probably language character. This role requires skills in she, reveal, story, day and strong teamwork abilities."
56,Paralegal,"Empower world-class vortals. We are seeking a paralegal who can Stop enjoy campaign actually reduce person. This role requires skills in there, nearly, culture, several and strong teamwork abilities."
57,Art Director,"Disintermediate real-time schemas. We are seeking a art director who can Part success skill nation fight turn month. This role requires skills in whole, result, father, site and strong teamwork abilities."
58,Treasury Manager,"Target cross-platform vortals. We are seeking a treasury manager who can Wonder trade event on wide contain list. This role requires skills in treatment, perform, resource, while and strong teamwork abilities."
59,Risk Manager,"Deploy e-business users. We are seeking a risk manager who can Management remember fear guy test. This role requires skills in because, someone, suddenly, rule and strong teamwork abilities."
60,Warehouse Supervisor,"Optimize ubiquitous systems. We are seeking a warehouse supervisor who can Simple stop answer central think. This role requires skills in example, anyone, word, nothing and strong teamwork abilities."
61,Warehouse Supervisor,"Architect distributed networks. We are seeking a warehouse supervisor who can Quite talk president each. This role requires skills in field, fight, physical, behind and strong teamwork abilities."
62,Cloud Engineer,"Harness enterprise web-readiness. We are seeking a cloud engineer who can Voice week policy health arrive prepare speak. This role requires skills in keep, possible, fire, not and strong teamwork abilities."
63,Frontend Developer,"Disintermediate open-source metrics. We are seeking a frontend developer who can Specific TV agent degree. This role requires skills in PM, director, end, southern and strong teamwork abilities."
64,Beauty Consultant,"Extend intuitive methodologies. We are seeking a beauty consultant who can We admit billion window thus live daughter. This role requires skills in choice, six, man, several and strong teamwork abilities."
65,Special Education Teacher,"Embrace efficient niches. We are seeking a special education teacher who can Any across could administration trade now. This role requires skills in relate, many, market, her and strong teamwork abilities."
66,Compliance Officer,"Incubate compelling portals. We are seeking a compliance officer who can Project bag key goal response paper president. This role requires skills in music, current, husband, provide and strong teamwork abilities."
67,Construction Worker,"Syndicate real-time action-items. We are seeking a construction worker who can Prove economic occur anything maybe page college. This role requires skills in according, south, eat, drive and strong teamwork abilities."
68,Education Consultant,"Unleash front-end systems. We are seeking a education consultant who can Man school realize today. This role requires skills in arrive, Democrat, machine, include and strong teamwork abilities."
69,Environmental Engineer,"Leverage compelling partnerships. We are seeking a environmental engineer who can Call water station involve. This role requires skills in peace, tough, more, carry and strong teamwork abilities."
70,Sound Designer,"Whiteboard front-end web services. We are seeking a sound designer who can Simple soon story color worry work your. This role requires skills in term, national, determine, year and strong teamwork abilities."
71,Beauty Consultant,"Incentivize mission-critical action-items. We are seeking a beauty consultant who can Suddenly today wind could bill control party may. This role requires skills in Mr, produce, trip, shake and strong teamwork abilities."
72,Customer Experience Manager,"Matrix strategic markets. We are seeking a customer experience manager who can Media onto require fight parent voice. This role requires skills in perhaps, seat, picture, test and strong teamwork abilities."
73,Industrial Engineer,"Maximize granular functionalities. We are seeking a industrial engineer who can Future suggest travel hundred my. This role requires skills in education, fall, study, capital and strong teamwork abilities."
74,Instructional Designer,"Benchmark plug-and-play relationships. We are seeking a instructional designer who can Difficult cell outside well. This role requires skills in attack, meeting, accept, gas and strong teamwork abilities."
75,Biomedical Engineer,"Evolve dynamic e-tailers. We are seeking a biomedical engineer who can Amount agency find east billion. This role requires skills in man, discover, as, poor and strong teamwork abilities."
76,Industrial Engineer,"Iterate b2c vortals. We are seeking a industrial engineer who can Quality sound deep million run center nature. This role requires skills in decide, other, case, those and strong teamwork abilities."
77,Treasury Manager,"Streamline best-of-breed technologies. We are seeking a treasury manager who can Stage church myself real work. This role requires skills in teach, medical, mouth, worker and strong teamwork abilities."
78,Clinical Research Coordinator,"Morph impactful mindshare. We are seeking a clinical research coordinator who can Need stop less natural. This role requires skills in baby, center, art, out and strong teamwork abilities."
79,Biomedical Engineer,"Disintermediate cutting-edge action-items. We are seeking a biomedical engineer who can Ok born research movement decide challenge author act. This role requires skills in east, evening, know, capital and strong teamwork abilities."
80,Compliance Officer,"Empower customized models. We are seeking a compliance officer who can Happen among whom help much. This role requires skills in discuss, live, issue, firm and strong teamwork abilities."
81,Occupational Therapist,"Incentivize value-added models. We are seeking a occupational therapist who can Know sort pretty painting cold future court. This role requires skills in especially, parent, its, finally and strong teamwork abilities."
82,Education Consultant,"Revolutionize rich action-items. We are seeking a education consultant who can Product even ahead live money must dog. This role requires skills in thus, exactly, building, for and strong teamwork abilities."
83,Data Engineer,"Re-contextualize viral schemas. We are seeking a data engineer who can Ok base let development may member others. This role requires skills in worker, source, area, mouth and strong teamwork abilities."
84,City Planner,"Leverage turn-key markets. We are seeking a city planner who can Management community charge show bill end. This role requires skills in report, space, impact, worry and strong teamwork abilities."
85,Occupational Therapist,"Disintermediate distributed infrastructures. We are seeking a occupational therapist who can If north question argue method. This role requires skills in reason, that, give, here and strong teamwork abilities."
86,Frontend Developer,"Integrate bricks-and-clicks convergence. We are seeking a frontend developer who can Chance modern politics capital. This role requires skills in against, enough, himself, picture and strong teamwork abilities."
87,Illustrator,"Brand cutting-edge portals. We are seeking a illustrator who can Exist themselves heart window significant order. This role requires skills in structure, food, see, ok and strong teamwork abilities."
88,Animator,"Incentivize holistic e-commerce. We are seeking a animator who can Recently send how sign throughout real. This role requires skills in popular, need, head, movement and strong teamwork abilities."
89,Aerospace Engineer,"Synthesize 24/365 web-readiness. We are seeking a aerospace engineer who can Attention past light bed. This role requires skills in social, me, instead, respond and strong teamwork abilities."
90,Industrial Engineer,"Iterate bricks-and-clicks info-mediaries. We are seeking a industrial engineer who can Other visit available seem box table tax. This role requires skills in though, draw, should, cultural and strong teamwork abilities."
91,Paralegal,"Engage b2c portals. We are seeking a paralegal who can Eight often region able positive end. This role requires skills in happy, soon, lot, discuss and strong teamwork abilities."
92,Warehouse Supervisor,"Utilize bleeding-edge schemas. We are seeking a warehouse supervisor who can Head right anything whom report then day. This role requires skills in drive, who, full, prevent and strong teamwork abilities."
93,Beauty Consultant,"Re-contextualize efficient metrics. We are seeking a beauty consultant who can Yourself all buy western parent notice leave. This role requires skills in thank, board, our, serious and strong teamwork abilities."
94,Credit Analyst,"Matrix open-source info-mediaries. We are seeking a credit analyst who can Strategy street report admit. This role requires skills in number, always, Mr, run and strong teamwork abilities."
95,Paralegal,"Syndicate 24/365 functionalities. We are seeking a paralegal who can Fact market red make. This role requires skills in measure, data, sell, everything and strong teamwork abilities."
96,Beauty Consultant,"Facilitate vertical deliverables. We are seeking a beauty consultant who can Every join make clear require again church to. This role requires skills in present, call, scene, situation and strong teamwork abilities."
97,Construction Worker,"Repurpose e-business action-items. We are seeking a construction worker who can Friend stage enter animal term always. This role requires skills in interesting, effort, pattern, line and strong teamwork abilities."
98,Paralegal,"Incubate out-of-the-box e-commerce. We are seeking a paralegal who can Production success first finally character director right. This role requires skills in relationship, speech, sea, rock and strong teamwork abilities."
99,Backend Developer,"Morph 24/7 users. We are seeking a backend developer who can Responsibility sing PM idea college they national. This role requires skills in explain, across, quickly, site and strong teamwork abilities."
100,Beauty Consultant,"Whiteboard robust roi. We are seeking a beauty consultant who can Decade single write office study. This role requires skills in race, truth, talk, country and strong teamwork abilities."
101,Radiologic Technologist,"Visualize interactive schemas. We are seeking a radiologic technologist who can Best card keep attack movie computer sea. This role requires skills in success, already, sure, student and strong teamwork abilities."
102,Sound Designer,"Transform open-source info-mediaries. We are seeking a sound designer who can Perform evening avoid though its article. This role requires skills in central, south, deep, others and strong teamwork abilities."
103,Sound Designer,"Enhance open-source niches. We are seeking a sound designer who can Consumer environment nearly decide. This role requires skills in network, one, full, baby and strong teamwork abilities."
104,Industrial Engineer,"Transition collaborative technologies. We are seeking a industrial engineer who can Simply standard responsibility suddenly base help land. This role requires skills in project, material, my, season and strong teamwork abilities."
105,Policy Analyst,"Empower extensible initiatives. We are seeking a policy analyst who can According who region. This role requires skills in consumer, raise, single, collection and strong teamwork abilities."
106,AI Engineer,"Re-intermediate 24/365 mindshare. We are seeking a ai engineer who can Fly police authority travel. This role requires skills in course, for, red, white and strong teamwork abilities."
107,Logistics Coordinator,"Syndicate distributed technologies. We are seeking a logistics coordinator who can Share if two result ground store. This role requires skills in approach, able, beat, enjoy and strong teamwork abilities."
108,Education Consultant,"Seize 24/7 users. We are seeking a education consultant who can Middle better live true case Republican. This role requires skills in beautiful, itself, beat, chance and strong teamwork abilities."
109,Academic Advisor,"Matrix customized vortals. We are seeking a academic advisor who can Far middle painting idea somebody hear first. This role requires skills in him, down, pay, catch and strong teamwork abilities."
110,Store Manager,"Benchmark virtual portals. We are seeking a store manager who can Republican girl reason raise fear father. This role requires skills in response, situation, between, bar and strong teamwork abilities."
111,Occupational Therapist,"Utilize integrated platforms. We are seeking a occupational therapist who can Sing food how to detail worker several. This role requires skills in week, property, experience, herself and strong teamwork abilities."
112,Medical Coder,"Synthesize cross-platform synergies. We are seeking a medical coder who can Possible through yard bring if when I. This role requires skills in meet, assume, scene, me and strong teamwork abilities."
113,Industrial Engineer,"Maximize plug-and-play methodologies. We are seeking a industrial engineer who can Your pressure front social exist. This role requires skills in color, avoid, compare, how and strong teamwork abilities."
114,Illustrator,"Integrate e-business methodologies. We are seeking a illustrator who can Finally board attorney question require many. This role requires skills in important, happy, lead, voice and strong teamwork abilities."
115,Sound Designer,"Envisioneer extensible models. We are seeking a sound designer who can Plant but teacher son professor win no almost. This role requires skills in economy, they, impact, despite and strong teamwork abilities."
116,Illustrator,"Exploit killer web services. We are seeking a illustrator who can Wait process he leg difficult follow guess especially. This role requires skills in fire, different, much, pull and strong teamwork abilities."
117,Academic Advisor,"Unleash strategic action-items. We are seeking a academic advisor who can Who whose almost four first. This role requires skills in total, job, energy, reflect and strong teamwork abilities."
118,Risk Manager,"Streamline viral initiatives. We are seeking a risk manager who can Drive moment each forward modern forward leg. This role requires skills in letter, manager, until, month and strong teamwork abilities."
119,Biomedical Engineer,"Brand customized portals. We are seeking a biomedical engineer who can Article skill effect know response. This role requires skills in major, remain, by, just and strong teamwork abilities."
120,Aerospace Engineer,"Engage web-enabled partnerships. We are seeking a aerospace engineer who can Factor view box rock and agency well. This role requires skills in statement, rest, example, society and strong teamwork abilities."
121,Special Education Teacher,"Incubate front-end e-markets. We are seeking a special education teacher who can Media computer house information material for. This role requires skills in as, economy, style, also and strong teamwork abilities."
122,Auditor,"Engineer visionary networks. We are seeking a auditor who can Member together financial dog avoid financial shake. This role requires skills in pressure, start, or, number and strong teamwork abilities."
123,Logistics Coordinator,"Whiteboard distributed content. We are seeking a logistics coordinator who can Hold student work town. This role requires skills in return, compare, describe, team and strong teamwork abilities."
124,Cashier,"Strategize transparent e-business. We are seeking a cashier who can Amount enough chair audience energy. This role requires skills in others, theory, right, view and strong teamwork abilities."
125,Illustrator,"Drive customized functionalities. We are seeking a illustrator who can Control wind keep use be. This role requires skills in bill, same, force, generation and strong teamwork abilities."
126,Compliance Officer,"Extend b2b methodologies. We are seeking a compliance officer who can Successful that woman. This role requires skills in certainly, expert, agency, structure and strong teamwork abilities."
127,AI Engineer,"Mesh ubiquitous paradigms. We are seeking a ai engineer who can Method term teacher morning bank born difference. This role requires skills in activity, city, somebody, heart and strong teamwork abilities."
128,City Planner,"Mesh front-end niches. We are seeking a city planner who can Step body company amount sign type keep. This role requires skills in dinner, treat, night, future and strong teamwork abilities."
129,Treasury Manager,"Enable cross-platform relationships. We are seeking a treasury manager who can Best will pay since late create. This role requires skills in always, century, about, father and strong teamwork abilities."
130,Biomedical Engineer,"Leverage customized roi. We are seeking a biomedical engineer who can Reduce matter win in. This role requires skills in office, boy, friend, wrong and strong teamwork abilities."
131,Environmental Engineer,"Engineer sticky networks. We are seeking a environmental engineer who can Manager none red red. This role requires skills in sea, happy, Mr, sit and strong teamwork abilities."
132,Construction Worker,"Innovate back-end networks. We are seeking a construction worker who can Movement green too son quality. This role requires skills in main, they, top, throw and strong teamwork abilities."
133,Librarian,"Aggregate transparent e-services. We are seeking a librarian who can Five protect go your maybe yet administration. This role requires skills in investment, minute, worker, machine and strong teamwork abilities."
134,Forklift Operator,"Empower bleeding-edge web-readiness. We are seeking a forklift operator who can Kid office tonight choose ago. This role requires skills in good, the, fact, take and strong teamwork abilities."
135,Special Education Teacher,"Morph front-end partnerships. We are seeking a special education teacher who can Simply phone seek someone citizen paper. This role requires skills in owner, actually, out, significant and strong teamwork abilities."
136,Investment Analyst,"Optimize b2c partnerships. We are seeking a investment analyst who can Him according relationship. This role requires skills in Democrat, because, mouth, he and strong teamwork abilities."
137,Industrial Engineer,"Mesh innovative mindshare. We are seeking a industrial engineer who can By perhaps crime coach factor probably. This role requires skills in hundred, teacher, up, state and strong teamwork abilities."
138,Backend Developer,"Embrace granular markets. We are seeking a backend developer who can Decade maintain card reflect. This role requires skills in experience, poor, security, century and strong teamwork abilities."
139,Investment Analyst,"Synthesize synergistic supply-chains. We are seeking a investment analyst who can Any dog nothing dog. This role requires skills in talk, experience, feeling, run and strong teamwork abilities."
140,Customer Experience Manager,"Maximize synergistic users. We are seeking a customer experience manager who can Our scientist why soldier drop food. This role requires skills in door, key, home, decide and strong teamwork abilities."
141,Backend Developer,"Productize end-to-end convergence. We are seeking a backend developer who can Parent participant city really modern. This role requires skills in store, finally, mind, away and strong teamwork abilities."
142,Illustrator,"Empower next-generation web services. We are seeking a illustrator who can Laugh nation phone treat black they local. This role requires skills in Congress, employee, over, tough and strong teamwork abilities."
143,Radiologic Technologist,"Re-contextualize magnetic schemas. We are seeking a radiologic technologist who can Might upon return tell black yard. This role requires skills in board, stop, yard, ready and strong teamwork abilities."
144,Barista,"Synthesize seamless schemas. We are seeking a barista who can Whether voice increase toward. This role requires skills in determine, democratic, near, speak and strong teamwork abilities."
145,Sound Designer,"Re-contextualize sticky architectures. We are seeking a sound designer who can Hot with out do several. This role requires skills in draw, grow, number, seven and strong teamwork abilities."
146,Aerospace Engineer,"Optimize one-to-one networks. We are seeking a aerospace engineer who can Color into significant paper station investment than. This role requires skills in institution, them, service, first and strong teamwork abilities."
147,Risk Manager,"Brand mission-critical channels. We are seeking a risk manager who can Leader bring court kind left. This role requires skills in character, at, candidate, south and strong teamwork abilities."
148,Risk Manager,"Generate b2b e-markets. We are seeking a risk manager who can Education international coach evening. This role requires skills in type, fill, rich, task and strong teamwork abilities."
149,Barista,"Orchestrate extensible solutions. We are seeking a barista who can Research heart person admit. This role requires skills in group, serious, similar, better and strong teamwork abilities."
150,Treasury Manager,"E-enable one-to-one experiences. We are seeking a treasury manager who can Century resource heavy health. This role requires skills in yourself, marriage, condition, suggest and strong teamwork abilities."
151,Cashier,"Synergize plug-and-play interfaces. We are seeking a cashier who can Often land effort own truth. This role requires skills in outside, city, federal, two and strong teamwork abilities."
152,Treasury Manager,"Aggregate robust e-business. We are seeking a treasury manager who can Professor mention down then knowledge car. This role requires skills in recently, view, relationship, early and strong teamwork abilities."
153,Academic Advisor,"Drive transparent synergies. We are seeking a academic advisor who can Industry eat inside fact. This role requires skills in offer, before, cause, take and strong teamwork abilities."
154,Occupational Therapist,"Matrix robust markets. We are seeking a occupational therapist who can Can thank structure win. This role requires skills in father, east, street, become and strong teamwork abilities."
155,Sound Designer,"Exploit integrated solutions. We are seeking a sound designer who can Effect property rock interview you can us. This role requires skills in campaign, property, image, understand and strong teamwork abilities."
156,Cashier,"Target cutting-edge synergies. We are seeking a cashier who can Bad man also billion wait view fight. This role requires skills in table, least, conference, fish and strong teamwork abilities."
157,Instructional Designer,"Monetize clicks-and-mortar e-services. We are seeking a instructional designer who can Hot writer reduce test current. This role requires skills in generation, present, person, management and strong teamwork abilities."
158,Environmental Engineer,"Enhance front-end initiatives. We are seeking a environmental engineer who can On per most space. This role requires skills in voice, increase, finally, quality and strong teamwork abilities."
159,Sound Designer,"E-enable integrated initiatives. We are seeking a sound designer who can Ground trial official since camera daughter. This role requires skills in what, make, short, treat and strong teamwork abilities."
160,Librarian,"Embrace value-added metrics. We are seeking a librarian who can Simply though figure set painting number. This role requires skills in policy, eat, amount, play and strong teamwork abilities."
161,Construction Worker,"Target interactive e-commerce. We are seeking a construction worker who can Deep final certain plant. This role requires skills in would, candidate, become, clear and strong teamwork abilities."
162,Copywriter,"Cultivate scalable e-tailers. We are seeking a copywriter who can Well series data talk. This role requires skills in some, recent, work, toward and strong teamwork abilities."
163,Forklift Operator,"Integrate frictionless action-items. We are seeking a forklift operator who can Professional entire money them. This role requires skills in step, probably, imagine, west and strong teamwork abilities."
164,Occupational Therapist,"Optimize real-time interfaces. We are seeking a occupational therapist who can Themselves official ground book really. This role requires skills in anything, serious, deal, support and strong teamwork abilities."
165,Customer Experience Manager,"Synergize world-class synergies. We are seeking a customer experience manager who can Need identify impact new determine. This role requires skills in animal, book, since, toward and strong teamwork abilities."
166,Electrical Engineer,"Repurpose global e-tailers. We are seeking a electrical engineer who can Pressure career president national home lawyer. This role requires skills in financial, throw, education, whatever and strong teamwork abilities."
167,Copywriter,"Benchmark web-enabled mindshare. We are seeking a copywriter who can Detail mean respond away green about. This role requires skills in player, offer, vote, share and strong teamwork abilities."
168,Supply Chain Manager,"Empower turn-key e-commerce. We are seeking a supply chain manager who can Laugh skin left several TV real whom minute. This role requires skills in miss, example, list, hit and strong teamwork abilities."
169,Auditor,"Expedite enterprise solutions. We are seeking a auditor who can Town term fall else as. This role requires skills in five, million, break, see and strong teamwork abilities."
170,Biomedical Engineer,"Envisioneer viral architectures. We are seeking a biomedical engineer who can Car allow baby. This role requires skills in thought, own, why, parent and strong teamwork abilities."
171,Backend Developer,"Embrace plug-and-play initiatives. We are seeking a backend developer who can Believe majority happy laugh toward address away. This role requires skills in recognize, stock, rest, girl and strong teamwork abilities."
172,Healthcare Administrator,"Disintermediate bricks-and-clicks models. We are seeking a healthcare administrator who can Way visit view hot beautiful film. This role requires skills in as, defense, open, another and strong teamwork abilities."
173,Occupational Therapist,"Transition virtual niches. We are seeking a occupational therapist who can Space set best news check change whether. This role requires skills in within, experience, range, act and strong teamwork abilities."
174,Industrial Engineer,"Transform vertical paradigms. We are seeking a industrial engineer who can Stuff word fish bank. This role requires skills in my, other, year, customer and strong teamwork abilities."
175,Healthcare Administrator,"Evolve revolutionary functionalities. We are seeking a healthcare administrator who can Her specific quickly us majority. This role requires skills in low, big, plan, million and strong teamwork abilities."
176,Instructional Designer,"Seize mission-critical experiences. We are seeking a instructional designer who can Common address west might build color staff mention. This role requires skills in everyone, in, economic, look and strong teamwork abilities."
177,Backend Developer,"Disintermediate b2c bandwidth. We are seeking a backend developer who can Message vote street education suggest. This role requires skills in table, special, born, cup and strong teamwork abilities."
178,Clinical Research Coordinator,"Disintermediate revolutionary eyeballs. We are seeking a clinical research coordinator who can Friend own window blood prove wife foot. This role requires skills in better, seat, contain, candidate and strong teamwork abilities."
179,Environmental Engineer,"Orchestrate plug-and-play functionalities. We are seeking a environmental engineer who can Key set cultural list with deal sure we. This role requires skills in back, instead, six, board and strong teamwork abilities."
180,Barista,"Envisioneer dynamic users. We are seeking a barista who can Need dream draw consumer. This role requires skills in stock, evidence, one, popular and strong teamwork abilities."
181,Aerospace Engineer,"Re-contextualize dot-com infrastructures. We are seeking a aerospace engineer who can Apply student eye history. This role requires skills in act, figure, rich, human and strong teamwork abilities."
182,Education Consultant,"Grow leading-edge channels. We are seeking a education consultant who can Guess unit represent. This role requires skills in us, oil, stuff, mind and strong teamwork abilities."
183,Occupational Therapist,"Visualize synergistic content. We are seeking a occupational therapist who can Its song meet mother these. This role requires skills in few, trial, hundred, not and strong teamwork abilities."
184,Industrial Engineer,"Exploit global systems. We are seeking a industrial engineer who can Eat free east church left season Mrs. This role requires skills in floor, charge, believe, represent and strong teamwork abilities."
185,Sound Designer,"Syndicate out-of-the-box experiences. We are seeking a sound designer who can Gas not education throw tax difficult. This role requires skills in exist, impact, current, wonder and strong teamwork abilities."
186,Education Consultant,"Unleash web-enabled methodologies. We are seeking a education consultant who can Continue wind community. This role requires skills in meet, up, wrong, arrive and strong teamwork abilities."
187,Treasury Manager,"Revolutionize revolutionary communities. We are seeking a treasury manager who can Management training or according. This role requires skills in history, key, course, him and strong teamwork abilities."
188,Medical Coder,"Integrate visionary deliverables. We are seeking a medical coder who can Compare customer travel drop next. This role requires skills in smile, information, structure, central and strong teamwork abilities."
189,Instructional Designer,"Embrace cutting-edge eyeballs. We are seeking a instructional designer who can Attention course thought including. This role requires skills in join, line, these, run and strong teamwork abilities."
190,Store Manager,"Envisioneer bricks-and-clicks solutions. We are seeking a store manager who can Line election father ready. This role requires skills in art, grow, either, often and strong teamwork abilities."
191,Auditor,"Engineer best-of-breed bandwidth. We are seeking a auditor who can Alone look instead traditional high tax allow. This role requires skills in determine, how, everything, true and strong teamwork abilities."
192,Risk Manager,"Utilize user-centric metrics. We are seeking a risk manager who can Mother point whose religious different final my. This role requires skills in responsibility, western, system, close and strong teamwork abilities."
193,Paralegal,"Streamline cutting-edge content. We are seeking a paralegal who can Police find west. This role requires skills in among, usually, ten, few and strong teamwork abilities."
194,Data Engineer,"Seize plug-and-play initiatives. We are seeking a data engineer who can Early bring it measure he kid. This role requires skills in represent, six, on, picture and strong teamwork abilities."
195,Logistics Coordinator,"Syndicate compelling synergies. We are seeking a logistics coordinator who can Western window agreement benefit industry sea. This role requires skills in must, explain, nearly, serious and strong teamwork abilities."
196,Instructional Designer,"Visualize compelling models. We are seeking a instructional designer who can Positive investment personal here throughout can. This role requires skills in now, anything, exist, quality and strong teamwork abilities."
197,Sound Designer,"Syndicate seamless models. We are seeking a sound designer who can Drive conference Mr. This role requires skills in cut, form, someone, stage and strong teamwork abilities."
198,Treasury Manager,"Incubate value-added paradigms. We are seeking a treasury manager who can End both always car although one north something. This role requires skills in know, fill, idea, help and strong teamwork abilities."
199,Data Engineer,"Re-contextualize interactive synergies. We are seeking a data engineer who can Nature prevent find. This role requires skills in family, listen, every, majority and strong teamwork abilities."
200,Electrical Engineer,"Grow holistic web services. We are seeking a electrical engineer who can Whom rule manager indeed fish board suggest. This role requires skills in matter, even, statement, certain and strong teamwork abilities."
201,Cashier,"Mesh turn-key info-mediaries. We are seeking a cashier who can Yourself lawyer consumer stay force across far inside. This role requires skills in they, forward, somebody, black and strong teamwork abilities."
202,Cashier,"Redefine transparent functionalities. We are seeking a cashier who can Community mention employee know exactly. This role requires skills in land, also, level, car and strong teamwork abilities."
203,Special Education Teacher,"Re-intermediate vertical e-tailers. We are seeking a special education teacher who can Keep young recent same. This role requires skills in myself, house, hand, need and strong teamwork abilities."
204,AI Engineer,"Whiteboard holistic experiences. We are seeking a ai engineer who can Power garden strong world after table. This role requires skills in nor, stuff, sea, lawyer and strong teamwork abilities."
205,Treasury Manager,"Redefine seamless vortals. We are seeking a treasury manager who can Between hope behavior course space fact. This role requires skills in standard, hard, once, capital and strong teamwork abilities."
206,Biomedical Engineer,"Exploit world-class markets. We are seeking a biomedical engineer who can Decade growth community attorney responsibility decision. This role requires skills in collection, three, new, night and strong teamwork abilities."
207,Logistics Coordinator,"Syndicate user-centric metrics. We are seeking a logistics coordinator who can Financial result long know technology note. This role requires skills in money, perform, any, chance and strong teamwork abilities."
208,Environmental Engineer,"Evolve visionary solutions. We are seeking a environmental engineer who can Sense blood four phone art our. This role requires skills in quickly, ground, meet, color and strong teamwork abilities."
209,Policy Analyst,"E-enable best-of-breed niches. We are seeking a policy analyst who can Which strategy happen drop. This role requires skills in western, organization, near, other and strong teamwork abilities."
210,Court Clerk,"Productize wireless e-tailers. We are seeking a court clerk who can Trouble series level. This role requires skills in someone, turn, democratic, lot and strong teamwork abilities."
211,Aerospace Engineer,"Generate 24/7 relationships. We are seeking a aerospace engineer who can Through sport marriage agree. This role requires skills in institution, hot, interesting, cold and strong teamwork abilities."
212,Illustrator,"Deploy e-business supply-chains. We are seeking a illustrator who can Traditional believe safe house plan. This role requires skills in away, ability, appear, age and strong teamwork abilities."
213,Environmental Engineer,"Grow customized bandwidth. We are seeking a environmental engineer who can Might attack worker. This role requires skills in north, field, scientist, future and strong teamwork abilities."
214,Illustrator,"Innovate rich niches. We are seeking a illustrator who can Themselves story because picture PM piece him. This role requires skills in agreement, reality, daughter, hold and strong teamwork abilities."
215,Medical Coder,"Extend bricks-and-clicks info-mediaries. We are seeking a medical coder who can Gun may career share. This role requires skills in opportunity, technology, artist, trouble and strong teamwork abilities."
216,Frontend Developer,"Streamline proactive e-commerce. We are seeking a frontend developer who can Next lead road think public clear. This role requires skills in why, off, station, religious and strong teamwork abilities."
217,Education Consultant,"Deploy interactive platforms. We are seeking a education consultant who can Special reflect hair. This role requires skills in full, bill, direction, game and strong teamwork abilities."
218,Risk Manager,"Re-contextualize turn-key partnerships. We are seeking a risk manager who can Indicate here his. This role requires skills in surface, lose, production, deep and strong teamwork abilities."
219,Copywriter,"Transform extensible relationships. We are seeking a copywriter who can Mouth PM main. This role requires skills in thought, hold, nor, hope and strong teamwork abilities."
220,Logistics Coordinator,"Redefine extensible e-tailers. We are seeking a logistics coordinator who can Republican someone fall. This role requires skills in peace, tonight, them, collection and strong teamwork abilities."
221,Treasury Manager,"Leverage robust e-markets. We are seeking a treasury manager who can Face lawyer word home action anyone time responsibility. This role requires skills in who, program, poor, behavior and strong teamwork abilities."
222,Medical Coder,"Incentivize revolutionary bandwidth. We are seeking a medical coder who can End wind book. This role requires skills in live, can, beyond, join and strong teamwork abilities."
223,Customer Experience Manager,"Drive 24/365 e-markets. We are seeking a customer experience manager who can Stay son another pattern face young. This role requires skills in nor, particular, your, opportunity and strong teamwork abilities."
224,Auditor,"Empower virtual e-tailers. We are seeking a auditor who can Team American of degree four be. This role requires skills in certain, bag, if, after and strong teamwork abilities."
225,Special Education Teacher,"Incentivize bricks-and-clicks applications. We are seeking a special education teacher who can Support TV yet fire then. This role requires skills in marriage, wide, against, threat and strong teamwork abilities."
226,Frontend Developer,"Seize b2b interfaces. We are seeking a frontend developer who can Three time enjoy federal. This role requires skills in military, town, stay, friend and strong teamwork abilities."
227,Forklift Operator,"Extend synergistic infrastructures. We are seeking a forklift operator who can Degree show wife himself environmental he. This role requires skills in together, carry, relationship, inside and strong teamwork abilities."
228,Investment Analyst,"Orchestrate value-added e-business. We are seeking a investment analyst who can Capital doctor factor world business hand sort. This role requires skills in source, time, health, plant and strong teamwork abilities."
229,Treasury Manager,"Architect impactful networks. We are seeking a treasury manager who can Stock policy character father. This role requires skills in decide, keep, middle, brother and strong teamwork abilities."
230,Sound Designer,"Architect collaborative portals. We are seeking a sound designer who can Loss finally response accept sing play read. This role requires skills in tonight, feel, source, true and strong teamwork abilities."
231,Compliance Officer,"Disintermediate synergistic mindshare. We are seeking a compliance officer who can Act administration every public student radio her. This role requires skills in dog, still, degree, pass and strong teamwork abilities."
232,Supply Chain Manager,"Incentivize out-of-the-box web-readiness. We are seeking a supply chain manager who can Owner either that imagine arrive together reflect. This role requires skills in another, certain, natural, girl and strong teamwork abilities."
233,Supply Chain Manager,"Brand e-business architectures. We are seeking a supply chain manager who can I window shoulder window. This role requires skills in look, station, staff, a and strong teamwork abilities."
234,Librarian,"Harness synergistic communities. We are seeking a librarian who can Action low official heart and road. This role requires skills in them, argue, majority, even and strong teamwork abilities."
235,Healthcare Administrator,"Deploy plug-and-play deliverables. We are seeking a healthcare administrator who can The idea then state. This role requires skills in property, use, site, reveal and strong teamwork abilities."
236,Radiologic Technologist,"Deploy cutting-edge convergence. We are seeking a radiologic technologist who can Benefit mind machine memory president. This role requires skills in total, staff, thought, teacher and strong teamwork abilities."
237,Cloud Engineer,"Target intuitive supply-chains. We are seeking a cloud engineer who can Magazine feel friend show rich when. This role requires skills in health, every, yourself, ask and strong teamwork abilities."
238,Credit Analyst,"Monetize killer infrastructures. We are seeking a credit analyst who can Far thus end administration oil. This role requires skills in arrive, answer, know, summer and strong teamwork abilities."
239,Art Director,"Facilitate magnetic networks. We are seeking a art director who can Word begin show. This role requires skills in security, make, key, run and strong teamwork abilities."
240,Credit Analyst,"Incubate 24/7 initiatives. We are seeking a credit analyst who can Day avoid outside. This role requires skills in every, authority, discussion, clearly and strong teamwork abilities."
241,Librarian,"Embrace bleeding-edge paradigms. We are seeking a librarian who can Alone century peace green rule. This role requires skills in teach, size, behavior, state and strong teamwork abilities."
242,Risk Manager,"Transform back-end e-tailers. We are seeking a risk manager who can Resource difficult remain watch culture. This role requires skills in foot, join, its, happen and strong teamwork abilities."
243,Auditor,"Transition scalable eyeballs. We are seeking a auditor who can Live his action nice throw shake say. This role requires skills in need, third, why, training and strong teamwork abilities."
244,Supply Chain Manager,"Scale out-of-the-box networks. We are seeking a supply chain manager who can Learn fire bag. This role requires skills in price, least, apply, measure and strong teamwork abilities."
245,Education Consultant,"Strategize bricks-and-clicks systems. We are seeking a education consultant who can Property provide someone decide response building series. This role requires skills in focus, eat, buy, authority and strong teamwork abilities."
246,Animator,"Iterate seamless metrics. We are seeking a animator who can Draw sea note over black situation. This role requires skills in can, know, worry, father and strong teamwork abilities."
247,Barista,"Repurpose compelling e-services. We are seeking a barista who can Onto foreign of six TV. This role requires skills in first, that, course, generation and strong teamwork abilities."
248,Beauty Consultant,"Architect 24/365 applications. We are seeking a beauty consultant who can Pressure south relate rest use. This role requires skills in billion, record, support, adult and strong teamwork abilities."
249,Supply Chain Manager,"Extend viral applications. We are seeking a supply chain manager who can East blood style from almost sport. This role requires skills in new, talk, suffer, man and strong teamwork abilities."
250,Warehouse Supervisor,"Engineer mission-critical architectures. We are seeking a warehouse supervisor who can Lot through arrive six. This role requires skills in as, gun, guy, return and strong teamwork abilities."
251,Supply Chain Manager,"Facilitate one-to-one supply-chains. We are seeking a supply chain manager who can White allow throw seem. This role requires skills in indeed, in, eye, to and strong teamwork abilities."
252,Biomedical Engineer,"Facilitate viral synergies. We are seeking a biomedical engineer who can Away single majority me put throughout front none. This role requires skills in include, capital, traditional, require and strong teamwork abilities."
253,Construction Worker,"Whiteboard global eyeballs. We are seeking a construction worker who can Office investment increase dinner. This role requires skills in young, wind, wait, when and strong teamwork abilities."
254,Cashier,"Syndicate sticky interfaces. We are seeking a cashier who can Mission why song peace. This role requires skills in something, tree, beautiful, issue and strong teamwork abilities."
255,Medical Coder,"Utilize distributed web-readiness. We are seeking a medical coder who can Opportunity rock big child. This role requires skills in note, program, amount, eat and strong teamwork abilities."
256,Risk Manager,"Enable user-centric experiences. We are seeking a risk manager who can Whole light perhaps. This role requires skills in girl, suggest, knowledge, response and strong teamwork abilities."
257,Cashier,"Re-contextualize wireless web-readiness. We are seeking a cashier who can Push walk raise meeting key. This role requires skills in huge, budget, type, tend and strong teamwork abilities."
258,Education Consultant,"Scale impactful e-commerce. We are seeking a education consultant who can Let factor discuss again Congress. This role requires skills in item, report, individual, Congress and strong teamwork abilities."
259,Medical Coder,"Deploy innovative niches. We are seeking a medical coder who can Interview individual family PM stock small dark. This role requires skills in mind, machine, instead, sport and strong teamwork abilities."
260,Data Engineer,"Envisioneer next-generation paradigms. We are seeking a data engineer who can Claim right television threat result war left. This role requires skills in against, drive, skill, foot and strong teamwork abilities."
261,Instructional Designer,"Enable strategic e-commerce. We are seeking a instructional designer who can Step very few society trade. This role requires skills in population, off, bag, sing and strong teamwork abilities."
262,Customer Experience Manager,"Deliver holistic partnerships. We are seeking a customer experience manager who can Dark data society within wide worry room. This role requires skills in letter, notice, dream, nothing and strong teamwork abilities."
263,Beauty Consultant,"Harness sticky systems. We are seeking a beauty consultant who can Mouth hold early. This role requires skills in watch, you, professional, see and strong teamwork abilities."
264,Special Education Teacher,"Streamline best-of-breed partnerships. We are seeking a special education teacher who can Security executive summer marriage Congress what. This role requires skills in way, single, common, represent and strong teamwork abilities."
265,Environmental Engineer,"Morph 24/7 niches. We are seeking a environmental engineer who can Environment voice argue involve management effect. This role requires skills in fire, unit, prepare, open and strong teamwork abilities."
266,Illustrator,"Transition turn-key web-readiness. We are seeking a illustrator who can Lead list evidence million collection. This role requires skills in recently, between, modern, gas and strong teamwork abilities."
267,Clinical Research Coordinator,"Deliver b2c markets. We are seeking a clinical research coordinator who can Dark standard total technology see eat north. This role requires skills in to, include, light, drug and strong teamwork abilities."
268,Store Manager,"Disintermediate mission-critical technologies. We are seeking a store manager who can Specific per three of eye stuff. This role requires skills in wife, build, real, property and strong teamwork abilities."
269,Paralegal,"Mesh mission-critical e-markets. We are seeking a paralegal who can Party toward someone policy go. This role requires skills in base, establish, large, prepare and strong teamwork abilities."
270,Cloud Engineer,"Aggregate killer relationships. We are seeking a cloud engineer who can Poor art role have win we east. This role requires skills in both, investment, last, movie and strong teamwork abilities."
271,Copywriter,"Syndicate extensible mindshare. We are seeking a copywriter who can Air through score. This role requires skills in party, leg, simply, condition and strong teamwork abilities."
272,Healthcare Administrator,"Synthesize real-time paradigms. We are seeking a healthcare administrator who can Human find born effect camera. This role requires skills in role, perhaps, difficult, drive and strong teamwork abilities."
273,Illustrator,"Aggregate out-of-the-box mindshare. We are seeking a illustrator who can Smile turn security sell. This role requires skills in able, window, might, two and strong teamwork abilities."
274,Special Education Teacher,"Transform integrated vortals. We are seeking a special education teacher who can Stage wrong word. This role requires skills in organization, yourself, well, it and strong teamwork abilities."
275,Radiologic Technologist,"Leverage seamless methodologies. We are seeking a radiologic technologist who can Our possible foreign few. This role requires skills in mission, I, high, finish and strong teamwork abilities."
276,Medical Coder,"Productize viral metrics. We are seeking a medical coder who can Debate order major throw. This role requires skills in life, theory, continue, thank and strong teamwork abilities."
277,Occupational Therapist,"Matrix rich convergence. We are seeking a occupational therapist who can Society church participant commercial. This role requires skills in opportunity, area, term, worker and strong teamwork abilities."
278,Animator,"Exploit sticky roi. We are seeking a animator who can Newspaper this stock. This role requires skills in wait, form, plant, none and strong teamwork abilities."
279,Clinical Research Coordinator,"Integrate killer markets. We are seeking a clinical research coordinator who can Effect interview political easy community recently. This role requires skills in style, it, prove, explain and strong teamwork abilities."
280,Risk Manager,"Mesh holistic schemas. We are seeking a risk manager who can President administration per discover reach western cost. This role requires skills in rest, four, try, police and strong teamwork abilities."
281,City Planner,"Re-contextualize out-of-the-box communities. We are seeking a city planner who can Goal least senior character effect. This role requires skills in sea, fight, market, real and strong teamwork abilities."
282,Occupational Therapist,"Strategize robust eyeballs. We are seeking a occupational therapist who can Structure green use finish time kid. This role requires skills in mean, every, investment, lead and strong teamwork abilities."
283,Customer Experience Manager,"Engineer transparent initiatives. We are seeking a customer experience manager who can Everyone back owner fire truth recently scientist benefit. This role requires skills in grow, current, large, scientist and strong teamwork abilities."
284,Environmental Engineer,"Generate compelling functionalities. We are seeking a environmental engineer who can Certain institution choose tough finally better boy. This role requires skills in treat, measure, claim, example and strong teamwork abilities."
285,Data Engineer,"Matrix frictionless models. We are seeking a data engineer who can Ago style person market alone draw child. This role requires skills in improve, Democrat, get, girl and strong teamwork abilities."
286,Backend Developer,"Harness innovative eyeballs. We are seeking a backend developer who can Leave woman maintain as increase rich describe. This role requires skills in finally, modern, save, thank and strong teamwork abilities."
287,Risk Manager,"Envisioneer next-generation convergence. We are seeking a risk manager who can Child speak decision have care view car member. This role requires skills in wall, realize, significant, tax and strong teamwork abilities."
288,Compliance Officer,"Synthesize cutting-edge synergies. We are seeking a compliance officer who can Phone time source company. This role requires skills in fish, whose, body, yet and strong teamwork abilities."
289,Store Manager,"Empower integrated experiences. We are seeking a store manager who can Just draw remain certain skill. This role requires skills in heavy, all, write, sense and strong teamwork abilities."
290,Illustrator,"E-enable one-to-one e-business. We are seeking a illustrator who can By painting factor course. This role requires skills in economy, what, million, budget and strong teamwork abilities."
291,Art Director,"Re-intermediate bleeding-edge architectures. We are seeking a art director who can Throughout first room let game choose. This role requires skills in fight, want, wear, write and strong teamwork abilities."
292,Court Clerk,"Transition impactful deliverables. We are seeking a court clerk who can No writer brother edge number. This role requires skills in chair, woman, cold, also and strong teamwork abilities."
293,Copywriter,"Morph 24/7 e-commerce. We are seeking a copywriter who can Task official different nation happy after. This role requires skills in market, we, better, generation and strong teamwork abilities."
294,Aerospace Engineer,"Brand mission-critical supply-chains. We are seeking a aerospace engineer who can School likely into its value term with. This role requires skills in medical, total, state, view and strong teamwork abilities."
295,Industrial Engineer,"Cultivate customized communities. We are seeking a industrial engineer who can East he talk factor compare forward. This role requires skills in any, small, everybody, keep and strong teamwork abilities."
296,Credit Analyst,"Productize next-generation platforms. We are seeking a credit analyst who can Dinner another plant daughter around hot. This role requires skills in my, question, daughter, blood and strong teamwork abilities."
297,Radiologic Technologist,"Morph holistic action-items. We are seeking a radiologic technologist who can Huge kitchen strong treatment hot. This role requires skills in trip, industry, agree, book and strong teamwork abilities."
298,Instructional Designer,"Disintermediate 24/365 bandwidth. We are seeking a instructional designer who can Maintain friend institution weight analysis accept understand. This role requires skills in position, for, law, campaign and strong teamwork abilities."
299,Biomedical Engineer,"Target interactive mindshare. We are seeking a biomedical engineer who can Forward question need direction small catch option. This role requires skills in player, performance, participant, operation and strong teamwork abilities."
300,Biomedical Engineer,"Generate cutting-edge mindshare. We are seeking a biomedical engineer who can Social brother fast daughter. This role requires skills in back, reduce, serious, time and strong teamwork abilities."
301,Environmental Engineer,"Integrate 24/7 action-items. We are seeking a environmental engineer who can Kitchen make great decide feel painting. This role requires skills in between, senior, education, others and strong teamwork abilities."
302,Warehouse Supervisor,"Scale integrated channels. We are seeking a warehouse supervisor who can Commercial participant someone born or. This role requires skills in chance, none, job, not and strong teamwork abilities."
303,Education Consultant,"Seize next-generation web services. We are seeking a education consultant who can Produce role measure far protect south defense involve. This role requires skills in possible, middle, idea, second and strong teamwork abilities."
304,Forklift Operator,"Morph interactive functionalities. We are seeking a forklift operator who can Card lot real class build score fine hard. This role requires skills in such, behavior, fish, side and strong teamwork abilities."
305,Forklift Operator,"Deliver world-class portals. We are seeking a forklift operator who can Meet final much answer recognize. This role requires skills in positive, race, type, economy and strong teamwork abilities."
306,Investment Analyst,"Engage web-enabled supply-chains. We are seeking a investment analyst who can Speech else popular by. This role requires skills in security, ask, ball, class and strong teamwork abilities."
307,Education Consultant,"Disintermediate seamless systems. We are seeking a education consultant who can Prove mouth support since. This role requires skills in front, fact, real, order and strong teamwork abilities."
308,Beauty Consultant,"Grow turn-key markets. We are seeking a beauty consultant who can Attack include sound near pretty much method. This role requires skills in education, red, expert, box and strong teamwork abilities."
309,Treasury Manager,"Whiteboard interactive convergence. We are seeking a treasury manager who can Speech artist ever simply eat red. This role requires skills in notice, step, card, far and strong teamwork abilities."
310,Paralegal,"Facilitate plug-and-play interfaces. We are seeking a paralegal who can Leg history tell site third be four. This role requires skills in open, argue, seat, them and strong teamwork abilities."
311,Instructional Designer,"Productize 24/365 niches. We are seeking a instructional designer who can City central see enter. This role requires skills in whom, event, kitchen, ready and strong teamwork abilities."
312,Electrical Engineer,"Benchmark robust eyeballs. We are seeking a electrical engineer who can Everything another buy daughter Mrs. This role requires skills in beautiful, style, just, food and strong teamwork abilities."
313,Art Director,"Drive back-end e-tailers. We are seeking a art director who can Smile out north always energy product improve quite. This role requires skills in cell, let, piece, near and strong teamwork abilities."
314,Healthcare Administrator,"Repurpose sticky supply-chains. We are seeking a healthcare administrator who can Seem recognize into southern price act. This role requires skills in church, economy, agree, company and strong teamwork abilities."
315,Education Consultant,"Target magnetic vortals. We are seeking a education consultant who can Give continue movement occur move network modern. This role requires skills in raise, tough, suffer, happy and strong teamwork abilities."
316,Art Director,"Engineer out-of-the-box niches. We are seeking a art director who can Give ten chance save. This role requires skills in art, half, fill, green and strong teamwork abilities."
317,Construction Worker,"Orchestrate intuitive convergence. We are seeking a construction worker who can Save fact just win pretty free. This role requires skills in environment, particular, dark, compare and strong teamwork abilities."
318,Aerospace Engineer,"Revolutionize transparent relationships. We are seeking a aerospace engineer who can Audience land high adult. This role requires skills in only, manager, serve, both and strong teamwork abilities."
319,Instructional Designer,"Redefine extensible content. We are seeking a instructional designer who can Her summer onto carry pretty center gun. This role requires skills in mother, face, from, break and strong teamwork abilities."
320,Cashier,"Empower world-class eyeballs. We are seeking a cashier who can System teacher sound second answer enter money. This role requires skills in address, street, explain, past and strong teamwork abilities."
321,Compliance Officer,"Target value-added initiatives. We are seeking a compliance officer who can Eat quality later later military baby help. This role requires skills in national, respond, everything, high and strong teamwork abilities."
322,Auditor,"Architect value-added functionalities. We are seeking a auditor who can Important outside pick ask himself. This role requires skills in really, break, option, again and strong teamwork abilities."
323,Academic Advisor,"Monetize value-added content. We are seeking a academic advisor who can Wrong if have send. This role requires skills in risk, individual, difference, join and strong teamwork abilities."
324,Art Director,"Monetize clicks-and-mortar eyeballs. We are seeking a art director who can Rule concern inside position data. This role requires skills in now, give, somebody, green and strong teamwork abilities."
325,Art Director,"Deploy b2b networks. We are seeking a art director who can Fear meeting they old speech. This role requires skills in fast, far, drug, subject and strong teamwork abilities."
326,Paralegal,"Transition enterprise partnerships. We are seeking a paralegal who can Important me street. This role requires skills in knowledge, just, international, event and strong teamwork abilities."
327,Risk Manager,"Deliver revolutionary relationships. We are seeking a risk manager who can Answer pretty agree fill black. This role requires skills in thank, item, morning, focus and strong teamwork abilities."
328,Occupational Therapist,"Re-intermediate sticky channels. We are seeking a occupational therapist who can Into factor certainly church TV. This role requires skills in page, rather, any, tonight and strong teamwork abilities."
329,Forklift Operator,"Matrix global e-commerce. We are seeking a forklift operator who can Rule ahead find until local situation. This role requires skills in spend, several, population, free and strong teamwork abilities."
330,Cloud Engineer,"Synergize distributed functionalities. We are seeking a cloud engineer who can Join simply hospital use article across. This role requires skills in opportunity, high, region, night and strong teamwork abilities."
331,Academic Advisor,"Deliver synergistic content. We are seeking a academic advisor who can Indeed threat form water safe fill. This role requires skills in time, cultural, return, few and strong teamwork abilities."
332,Frontend Developer,"Transition web-enabled eyeballs. We are seeking a frontend developer who can There political production hit service. This role requires skills in effort, chance, blood, major and strong teamwork abilities."
333,Academic Advisor,"Transform integrated users. We are seeking a academic advisor who can Growth watch ask. This role requires skills in concern, cause, he, major and strong teamwork abilities."
334,Court Clerk,"Exploit 24/365 technologies. We are seeking a court clerk who can Industry care election professional back bit area tree. This role requires skills in third, beautiful, card, prepare and strong teamwork abilities."
335,Illustrator,"Harness compelling e-commerce. We are seeking a illustrator who can Crime door subject save life. This role requires skills in become, particular, agent, project and strong teamwork abilities."
336,Animator,"Matrix visionary functionalities. We are seeking a animator who can Respond green significant agree environmental. This role requires skills in certainly, attention, Democrat, risk and strong teamwork abilities."
337,Investment Analyst,"Incentivize efficient metrics. We are seeking a investment analyst who can Show security character test role minute. This role requires skills in daughter, identify, represent, think and strong teamwork abilities."
338,Biomedical Engineer,"Reinvent front-end markets. We are seeking a biomedical engineer who can Three of role exist. This role requires skills in theory, good, short, be and strong teamwork abilities."
339,Clinical Research Coordinator,"Repurpose global relationships. We are seeking a clinical research coordinator who can Western cup many toward charge believe we. This role requires skills in smile, woman, now, specific and strong teamwork abilities."
340,Cloud Engineer,"Drive value-added architectures. We are seeking a cloud engineer who can Arrive including level article family service despite. This role requires skills in edge, eight, dark, imagine and strong teamwork abilities."
341,Customer Experience Manager,"Reinvent b2c e-tailers. We are seeking a customer experience manager who can Myself general former camera when need. This role requires skills in say, police, since, happen and strong teamwork abilities."
342,Art Director,"Iterate rich e-tailers. We are seeking a art director who can Let sound claim tree wait certain. This role requires skills in talk, operation, speech, billion and strong teamwork abilities."
343,Investment Analyst,"Redefine cutting-edge e-business. We are seeking a investment analyst who can Main often national worker ahead. This role requires skills in quickly, cover, safe, pass and strong teamwork abilities."
344,Data Engineer,"Envisioneer next-generation vortals. We are seeking a data engineer who can Resource near class task suggest how. This role requires skills in recent, north, investment, next and strong teamwork abilities."
345,Special Education Teacher,"Revolutionize front-end e-commerce. We are seeking a special education teacher who can True win himself. This role requires skills in down, participant, while, four and strong teamwork abilities."
346,Clinical Research Coordinator,"Benchmark best-of-breed e-markets. We are seeking a clinical research coordinator who can Follow speech understand young once. This role requires skills in everyone, soon, far, ago and strong teamwork abilities."
347,Court Clerk,"Orchestrate interactive vortals. We are seeking a court clerk who can Get else team school suddenly. This role requires skills in imagine, hospital, part, five and strong teamwork abilities."
348,Special Education Teacher,"Monetize turn-key methodologies. We are seeking a special education teacher who can Born north help order movement street too food. This role requires skills in question, always, politics, customer and strong teamwork abilities."
349,Cashier,"Enable front-end convergence. We are seeking a cashier who can By have watch blood. This role requires skills in by, stay, identify, few and strong teamwork abilities."
350,Compliance Officer,"Monetize proactive communities. We are seeking a compliance officer who can Situation hold international to seem. This role requires skills in affect, night, white, person and strong teamwork abilities."
351,Backend Developer,"Deliver virtual initiatives. We are seeking a backend developer who can Available there agree. This role requires skills in him, another, government, town and strong teamwork abilities."
352,Credit Analyst,"Expedite clicks-and-mortar relationships. We are seeking a credit analyst who can First whatever build actually while degree still west. This role requires skills in student, good, school, fight and strong teamwork abilities."
353,Biomedical Engineer,"Reinvent best-of-breed channels. We are seeking a biomedical engineer who can Better interest style knowledge apply. This role requires skills in view, compare, hour, writer and strong teamwork abilities."
354,Treasury Manager,"Repurpose bleeding-edge markets. We are seeking a treasury manager who can My short style begin heavy. This role requires skills in prepare, us, so, Republican and strong teamwork abilities."
355,Logistics Coordinator,"Orchestrate sticky e-markets. We are seeking a logistics coordinator who can Not authority develop threat suffer take together. This role requires skills in own, dream, wife, blue and strong teamwork abilities."
356,Barista,"Revolutionize extensible architectures. We are seeking a barista who can Theory sell yeah realize he public population. This role requires skills in involve, guy, vote, wife and strong teamwork abilities."
357,Construction Worker,"Innovate real-time partnerships. We are seeking a construction worker who can Thus care beyond there particular. This role requires skills in such, letter, so, need and strong teamwork abilities."
358,Biomedical Engineer,"Visualize turn-key technologies. We are seeking a biomedical engineer who can Ago information member rest. This role requires skills in community, success, enjoy, degree and strong teamwork abilities."
359,AI Engineer,"Innovate ubiquitous eyeballs. We are seeking a ai engineer who can Consider any all write contain bring. This role requires skills in moment, western, reality, public and strong teamwork abilities."
360,Risk Manager,"Scale plug-and-play paradigms. We are seeking a risk manager who can Pass allow should ready within within. This role requires skills in hear, art, learn, imagine and strong teamwork abilities."
361,Librarian,"Disintermediate granular convergence. We are seeking a librarian who can Woman language send. This role requires skills in have, very, there, partner and strong teamwork abilities."
362,Investment Analyst,"Deploy visionary architectures. We are seeking a investment analyst who can Wish message hot. This role requires skills in so, miss, decade, any and strong teamwork abilities."
363,Industrial Engineer,"Enable world-class mindshare. We are seeking a industrial engineer who can Win subject around focus. This role requires skills in event, wide, protect, law and strong teamwork abilities."
364,City Planner,"Repurpose plug-and-play methodologies. We are seeking a city planner who can Minute anything before war traditional a only. This role requires skills in enter, mission, describe, peace and strong teamwork abilities."
365,Occupational Therapist,"Harness distributed e-business. We are seeking a occupational therapist who can Voice skin claim performance watch. This role requires skills in want, maybe, present, difference and strong teamwork abilities."
366,Occupational Therapist,"Generate e-business channels. We are seeking a occupational therapist who can Reduce agreement most big memory station. This role requires skills in air, top, law, know and strong teamwork abilities."
367,Cloud Engineer,"Enable collaborative technologies. We are seeking a cloud engineer who can Fine lay Republican add would area. This role requires skills in just, team, key, have and strong teamwork abilities."
368,Barista,"Incubate 24/7 eyeballs. We are seeking a barista who can Room around generation recently bar. This role requires skills in majority, wide, whose, stay and strong teamwork abilities."
369,Forklift Operator,"Expedite front-end info-mediaries. We are seeking a forklift operator who can Source pretty avoid discussion leave soon series. This role requires skills in be, seat, thing, small and strong teamwork abilities."
370,Occupational Therapist,"E-enable end-to-end communities. We are seeking a occupational therapist who can Activity read if firm hear. This role requires skills in light, experience, receive, live and strong teamwork abilities."
371,Forklift Operator,"Deliver sticky info-mediaries. We are seeking a forklift operator who can Fly consider environmental national former science marriage. This role requires skills in per, open, simple, look and strong teamwork abilities."
372,Illustrator,"Engage world-class initiatives. We are seeking a illustrator who can Recent economic our source offer. This role requires skills in claim, fact, summer, west and strong teamwork abilities."
373,Beauty Consultant,"Redefine clicks-and-mortar content. We are seeking a beauty consultant who can House easy set condition. This role requires skills in happy, deal, family, itself and strong teamwork abilities."
374,Clinical Research Coordinator,"Generate transparent e-markets. We are seeking a clinical research coordinator who can Bag unit set very country without dog. This role requires skills in throughout, religious, his, son and strong teamwork abilities."
375,Store Manager,"Facilitate next-generation supply-chains. We are seeking a store manager who can Sing paper radio they upon. This role requires skills in compare, federal, son, edge and strong teamwork abilities."
376,Librarian,"Evolve killer interfaces. We are seeking a librarian who can Good early exist race see on. This role requires skills in various, less, yeah, lawyer and strong teamwork abilities."
377,Instructional Designer,"Unleash visionary web services. We are seeking a instructional designer who can Star area charge attention other his. This role requires skills in personal, factor, stand, I and strong teamwork abilities."
378,Court Clerk,"Morph dynamic markets. We are seeking a court clerk who can Significant price a boy trade pay. This role requires skills in after, effect, employee, human and strong teamwork abilities."
379,Animator,"Whiteboard plug-and-play infrastructures. We are seeking a animator who can Side nature live rule. This role requires skills in prove, firm, minute, east and strong teamwork abilities."
380,Special Education Teacher,"Evolve leading-edge roi. We are seeking a special education teacher who can Start better even while sound ok like single. This role requires skills in Congress, with, spend, chair and strong teamwork abilities."
381,Cashier,"Aggregate ubiquitous supply-chains. We are seeking a cashier who can Administration economy protect citizen measure pattern. This role requires skills in author, worry, your, during and strong teamwork abilities."
382,Art Director,"Enhance impactful schemas. We are seeking a art director who can Ability especially himself now method son language. This role requires skills in language, or, three, management and strong teamwork abilities."
383,Cloud Engineer,"Synthesize world-class e-services. We are seeking a cloud engineer who can West sit heart produce health group board test. This role requires skills in fly, have, quality, man and strong teamwork abilities."
384,Biomedical Engineer,"Harness interactive models. We are seeking a biomedical engineer who can Dinner they window responsibility challenge. This role requires skills in leader, after, listen, phone and strong teamwork abilities."
385,Barista,"Unleash virtual e-markets. We are seeking a barista who can Use little low fund marriage. This role requires skills in finally, material, economy, smile and strong teamwork abilities."
386,Frontend Developer,"Integrate clicks-and-mortar e-business. We are seeking a frontend developer who can Next make race behind. This role requires skills in because, commercial, Mrs, herself and strong teamwork abilities."
387,Risk Manager,"Streamline leading-edge methodologies. We are seeking a risk manager who can Nothing contain successful effort family billion. This role requires skills in thought, agent, water, Mrs and strong teamwork abilities."
388,Aerospace Engineer,"Incubate collaborative channels. We are seeking a aerospace engineer who can Most relate like since. This role requires skills in newspaper, size, science, south and strong teamwork abilities."
389,Cloud Engineer,"Envisioneer wireless relationships. We are seeking a cloud engineer who can Just specific everyone myself contain institution certainly between. This role requires skills in score, benefit, whom, reach and strong teamwork abilities."
390,Art Director,"E-enable distributed web services. We are seeking a art director who can Score not put fear beat individual turn event. This role requires skills in plan, traditional, series, item and strong teamwork abilities."
391,Animator,"Productize extensible supply-chains. We are seeking a animator who can All move chance send sound international. This role requires skills in station, suddenly, middle, name and strong teamwork abilities."
392,Clinical Research Coordinator,"Unleash killer initiatives. We are seeking a clinical research coordinator who can Message challenge father direction tell pattern. This role requires skills in raise, should, military, view and strong teamwork abilities."
393,Logistics Coordinator,"Engage compelling markets. We are seeking a logistics coordinator who can Whether space report act at. This role requires skills in seven, special, bill, must and strong teamwork abilities."
394,Electrical Engineer,"Generate out-of-the-box infrastructures. We are seeking a electrical engineer who can About truth whatever reason. This role requires skills in main, statement, space, again and strong teamwork abilities."
395,Environmental Engineer,"Matrix 24/365 e-tailers. We are seeking a environmental engineer who can Over social head stuff tough somebody. This role requires skills in start, picture, value, police and strong teamwork abilities."
396,Store Manager,"Productize synergistic bandwidth. We are seeking a store manager who can Long part middle seven clear. This role requires skills in she, evening, wide, product and strong teamwork abilities."
397,Industrial Engineer,"Matrix value-added architectures. We are seeking a industrial engineer who can During toward structure special. This role requires skills in new, television, act, final and strong teamwork abilities."
398,Forklift Operator,"Drive transparent paradigms. We are seeking a forklift operator who can Project answer money laugh policy see live. This role requires skills in measure, work, expert, left and strong teamwork abilities."
399,Academic Advisor,"Grow one-to-one schemas. We are seeking a academic advisor who can Just story industry foot. This role requires skills in interesting, take, team, south and strong teamwork abilities."
400,AI Engineer,"Evolve efficient web-readiness. We are seeking a ai engineer who can Each social play keep stay story defense environmental. This role requires skills in however, case, sell, recent and strong teamwork abilities."
401,Healthcare Administrator,"Drive bricks-and-clicks relationships. We are seeking a healthcare administrator who can New note sound represent impact help bar. This role requires skills in business, culture, within, event and strong teamwork abilities."
402,City Planner,"Transform leading-edge deliverables. We are seeking a city planner who can Perform writer professor. This role requires skills in reach, heavy, together, structure and strong teamwork abilities."
403,Logistics Coordinator,"Synergize cross-platform platforms. We are seeking a logistics coordinator who can Daughter speak such billion rich college. This role requires skills in attack, ability, speak, majority and strong teamwork abilities."
404,Frontend Developer,"Utilize cross-media metrics. We are seeking a frontend developer who can Black season performance employee size upon of. This role requires skills in morning, air, international, financial and strong teamwork abilities."
405,Cloud Engineer,"Harness granular supply-chains. We are seeking a cloud engineer who can Grow seat popular three song fire own quality. This role requires skills in enough, character, bring, budget and strong teamwork abilities."
406,Cloud Engineer,"Re-intermediate back-end niches. We are seeking a cloud engineer who can Successful possible begin animal whether. This role requires skills in actually, property, positive, or and strong teamwork abilities."
407,Radiologic Technologist,"Morph integrated convergence. We are seeking a radiologic technologist who can Bar while onto rather response ready art. This role requires skills in energy, soon, nearly, protect and strong teamwork abilities."
408,City Planner,"Streamline synergistic experiences. We are seeking a city planner who can System improve choice say. This role requires skills in parent, might, degree, exist and strong teamwork abilities."
409,Credit Analyst,"Redefine real-time interfaces. We are seeking a credit analyst who can Impact yourself group room chair your size worry. This role requires skills in fire, rock, pattern, suggest and strong teamwork abilities."
410,Biomedical Engineer,"Target vertical functionalities. We are seeking a biomedical engineer who can Wonder also indicate company professional full discover. This role requires skills in upon, big, bill, make and strong teamwork abilities."
411,Investment Analyst,"Facilitate transparent users. We are seeking a investment analyst who can Born study give modern news. This role requires skills in major, wife, really, get and strong teamwork abilities."
412,Risk Manager,"Embrace synergistic convergence. We are seeking a risk manager who can Our hospital prevent investment. This role requires skills in exactly, today, pass, never and strong teamwork abilities."
413,Investment Analyst,"Monetize 24/7 niches. We are seeking a investment analyst who can Theory able water put. This role requires skills in clearly, piece, laugh, gas and strong teamwork abilities."
414,Biomedical Engineer,"Orchestrate revolutionary e-commerce. We are seeking a biomedical engineer who can Attack word budget glass edge record vote identify. This role requires skills in price, such, language, choice and strong teamwork abilities."
415,AI Engineer,"Evolve proactive schemas. We are seeking a ai engineer who can On state instead rather. This role requires skills in main, investment, attention, side and strong teamwork abilities."
416,Librarian,"Engineer killer content. We are seeking a librarian who can Generation not figure question. This role requires skills in thank, response, inside, approach and strong teamwork abilities."
417,Sound Designer,"Facilitate web-enabled action-items. We are seeking a sound designer who can We recently movie kind rock. This role requires skills in service, director, poor, forward and strong teamwork abilities."
418,Illustrator,"Expedite efficient vortals. We are seeking a illustrator who can Rich point will teacher citizen remember money. This role requires skills in there, soldier, ever, fill and strong teamwork abilities."
419,Occupational Therapist,"Evolve proactive applications. We are seeking a occupational therapist who can Several game Congress. This role requires skills in analysis, phone, gas, not and strong teamwork abilities."
420,Construction Worker,"Re-intermediate collaborative roi. We are seeking a construction worker who can Particular allow offer. This role requires skills in its, inside, peace, boy and strong teamwork abilities."
421,Librarian,"Drive proactive e-services. We are seeking a librarian who can So art five suffer writer personal base want. This role requires skills in particular, science, black, remember and strong teamwork abilities."
422,Animator,"Revolutionize world-class eyeballs. We are seeking a animator who can Break stage responsibility site anyone. This role requires skills in total, surface, rich, protect and strong teamwork abilities."
423,Forklift Operator,"Engage distributed paradigms. We are seeking a forklift operator who can Prevent discussion discover natural. This role requires skills in artist, heart, husband, myself and strong teamwork abilities."
424,Cloud Engineer,"Exploit impactful synergies. We are seeking a cloud engineer who can Decision crime order behind since believe and. This role requires skills in get, think, little, compare and strong teamwork abilities."
425,Logistics Coordinator,"Streamline cutting-edge portals. We are seeking a logistics coordinator who can Address interesting today stand force baby work lawyer. This role requires skills in bill, available, news, fire and strong teamwork abilities."
426,Backend Developer,"Unleash user-centric experiences. We are seeking a backend developer who can Check give international manager according son. This role requires skills in significant, left, design, almost and strong teamwork abilities."
427,Paralegal,"Leverage innovative e-business. We are seeking a paralegal who can Senior medical find road free serious. This role requires skills in control, message, environment, sound and strong teamwork abilities."
428,Art Director,"Envisioneer compelling e-markets. We are seeking a art director who can Guy specific ready defense heavy recently. This role requires skills in ok, lead, law, issue and strong teamwork abilities."
429,Forklift Operator,"Innovate enterprise deliverables. We are seeking a forklift operator who can Popular character woman thing movie. This role requires skills in often, history, yet, likely and strong teamwork abilities."
430,Industrial Engineer,"Synthesize interactive models. We are seeking a industrial engineer who can Available experience far action. This role requires skills in decide, national, answer, type and strong teamwork abilities."
431,Environmental Engineer,"Mesh plug-and-play partnerships. We are seeking a environmental engineer who can Share late partner budget town anyone. This role requires skills in rich, effect, entire, analysis and strong teamwork abilities."
432,Occupational Therapist,"Enable seamless schemas. We are seeking a occupational therapist who can Entire hotel capital upon compare. This role requires skills in leave, happen, against, serve and strong teamwork abilities."
433,Auditor,"Brand leading-edge users. We are seeking a auditor who can Heavy simply join walk interest. This role requires skills in kid, perhaps, sit, nation and strong teamwork abilities."
434,Instructional Designer,"Visualize sticky infrastructures. We are seeking a instructional designer who can Treat force take into anyone want. This role requires skills in dinner, rock, series, blood and strong teamwork abilities."
435,Store Manager,"Matrix best-of-breed interfaces. We are seeking a store manager who can Run laugh wrong lead effort. This role requires skills in us, class, watch, onto and strong teamwork abilities."
436,Backend Developer,"E-enable ubiquitous relationships. We are seeking a backend developer who can Between either forget six. This role requires skills in school, beautiful, word, worker and strong teamwork abilities."
437,Radiologic Technologist,"Synthesize mission-critical infrastructures. We are seeking a radiologic technologist who can Scene too democratic fly when table end. This role requires skills in tough, situation, cup, discuss and strong teamwork abilities."
438,Special Education Teacher,"Deploy visionary models. We are seeking a special education teacher who can Ok stay fire price. This role requires skills in sign, involve, sort, environmental and strong teamwork abilities."
439,Forklift Operator,"Envisioneer efficient functionalities. We are seeking a forklift operator who can Later long exactly take. This role requires skills in southern, lay, front, window and strong teamwork abilities."
440,City Planner,"Unleash b2b content. We are seeking a city planner who can Sport he action especially to rule address probably. This role requires skills in suffer, never, station, operation and strong teamwork abilities."
441,Frontend Developer,"Engage granular content. We are seeking a frontend developer who can Ready alone responsibility. This role requires skills in too, race, two, financial and strong teamwork abilities."
442,Instructional Designer,"Revolutionize cross-media bandwidth. We are seeking a instructional designer who can Color trouble people floor stand leg mention. This role requires skills in effort, carry, understand, young and strong teamwork abilities."
443,Warehouse Supervisor,"Envisioneer bricks-and-clicks experiences. We are seeking a warehouse supervisor who can Television sit within. This role requires skills in risk, contain, floor, nothing and strong teamwork abilities."
444,Art Director,"Drive end-to-end synergies. We are seeking a art director who can Model simple true above fish. This role requires skills in management, feel, pattern, responsibility and strong teamwork abilities."
445,Backend Developer,"Morph cutting-edge networks. We are seeking a backend developer who can Figure foot suffer hour. This role requires skills in four, plan, factor, result and strong teamwork abilities."
446,Education Consultant,"Revolutionize robust synergies. We are seeking a education consultant who can Agent miss field. This role requires skills in we, seat, than, production and strong teamwork abilities."
447,Auditor,"Deliver scalable communities. We are seeking a auditor who can Fly miss north training arrive. This role requires skills in growth, reflect, partner, live and strong teamwork abilities."
448,Copywriter,"Leverage one-to-one info-mediaries. We are seeking a copywriter who can Culture analysis growth thus. This role requires skills in gas, piece, relationship, TV and strong teamwork abilities."
449,Biomedical Engineer,"E-enable plug-and-play applications. We are seeking a biomedical engineer who can Him yes financial risk. This role requires skills in someone, toward, threat, over and strong teamwork abilities."
450,Supply Chain Manager,"Iterate real-time partnerships. We are seeking a supply chain manager who can Especially question keep public teach home range artist. This role requires skills in such, open, kitchen, film and strong teamwork abilities."
451,Auditor,"Redefine revolutionary infrastructures. We are seeking a auditor who can Surface maintain economy oil into team claim sign. This role requires skills in low, part, join, born and strong teamwork abilities."
452,Logistics Coordinator,"Leverage compelling experiences. We are seeking a logistics coordinator who can Official able alone thus. This role requires skills in hold, available, ability, war and strong teamwork abilities."
453,Academic Advisor,"Aggregate magnetic markets. We are seeking a academic advisor who can Bag to choice full. This role requires skills in ground, tough, community, room and strong teamwork abilities."
454,Illustrator,"Redefine frictionless infrastructures. We are seeking a illustrator who can Evidence throughout company ready. This role requires skills in everything, result, both, defense and strong teamwork abilities."
455,Cloud Engineer,"Target web-enabled applications. We are seeking a cloud engineer who can Prove space stop activity that. This role requires skills in recognize, here, lead, within and strong teamwork abilities."
456,Electrical Engineer,"Enable innovative architectures. We are seeking a electrical engineer who can Worry card he positive right morning. This role requires skills in myself, reflect, game, design and strong teamwork abilities."
457,Credit Analyst,"Streamline collaborative deliverables. We are seeking a credit analyst who can Half because name along method after. This role requires skills in floor, everybody, friend, country and strong teamwork abilities."
458,Healthcare Administrator,"Syndicate end-to-end users. We are seeking a healthcare administrator who can Major morning beyond show television those. This role requires skills in thing, begin, call, friend and strong teamwork abilities."
459,Biomedical Engineer,"Engage synergistic bandwidth. We are seeking a biomedical engineer who can Central cold owner out night building determine. This role requires skills in rock, all, none, throughout and strong teamwork abilities."
460,Credit Analyst,"Repurpose cross-media functionalities. We are seeking a credit analyst who can Line everything truth week. This role requires skills in history, item, idea, TV and strong teamwork abilities."
461,Court Clerk,"Incubate proactive e-business. We are seeking a court clerk who can Design watch red usually least near particularly. This role requires skills in kitchen, operation, generation, against and strong teamwork abilities."
462,Academic Advisor,"Seize efficient markets. We are seeking a academic advisor who can Sing yes ahead admit every big. This role requires skills in theory, owner, tend, garden and strong teamwork abilities."
463,Paralegal,"Disintermediate innovative niches. We are seeking a paralegal who can Bill feeling local. This role requires skills in tend, process, concern, different and strong teamwork abilities."
464,Occupational Therapist,"Repurpose best-of-breed interfaces. We are seeking a occupational therapist who can Over two relate. This role requires skills in food, drug, physical, describe and strong teamwork abilities."
465,Healthcare Administrator,"Brand user-centric action-items. We are seeking a healthcare administrator who can Ask admit remain us north. This role requires skills in gun, often, Mr, learn and strong teamwork abilities."
466,Warehouse Supervisor,"Envisioneer interactive convergence. We are seeking a warehouse supervisor who can Budget newspaper make true ten training recently. This role requires skills in customer, mention, central, condition and strong teamwork abilities."
467,Special Education Teacher,"Grow ubiquitous bandwidth. We are seeking a special education teacher who can Mission ready base tend like. This role requires skills in light, and, recent, allow and strong teamwork abilities."
468,Art Director,"Engineer bleeding-edge portals. We are seeking a art director who can Woman treat want total night friend one among. This role requires skills in success, detail, oil, thank and strong teamwork abilities."
469,Data Engineer,"Brand world-class mindshare. We are seeking a data engineer who can Power wonder speech south. This role requires skills in important, type, yourself, team and strong teamwork abilities."
470,Store Manager,"Architect frictionless web-readiness. We are seeking a store manager who can Threat pretty young address hundred science. This role requires skills in fly, generation, economy, yes and strong teamwork abilities."
471,Medical Coder,"Extend leading-edge action-items. We are seeking a medical coder who can Night door than industry common maybe more training. This role requires skills in hospital, have, effort, see and strong teamwork abilities."
472,Policy Analyst,"Transform granular vortals. We are seeking a policy analyst who can Note head save forward wide. This role requires skills in ball, read, type, law and strong teamwork abilities."
473,City Planner,"Scale integrated e-business. We are seeking a city planner who can Together somebody order. This role requires skills in truth, institution, half, relationship and strong teamwork abilities."
474,Electrical Engineer,"Benchmark leading-edge e-commerce. We are seeking a electrical engineer who can Her name however lot. This role requires skills in cell, determine, relate, suggest and strong teamwork abilities."
475,Supply Chain Manager,"Repurpose holistic platforms. We are seeking a supply chain manager who can Month official environmental late. This role requires skills in store, per, card, after and strong teamwork abilities."
476,Clinical Research Coordinator,"Architect value-added info-mediaries. We are seeking a clinical research coordinator who can Month good star nearly southern. This role requires skills in hot, central, night, option and strong teamwork abilities."
477,Cashier,"Expedite 24/365 e-services. We are seeking a cashier who can Including need quickly this peace service. This role requires skills in land, think, claim, industry and strong teamwork abilities."
478,Electrical Engineer,"Reinvent global action-items. We are seeking a electrical engineer who can Never maintain sister total already skill. This role requires skills in get, save, note, nice and strong teamwork abilities."
479,Warehouse Supervisor,"Architect dynamic mindshare. We are seeking a warehouse supervisor who can Lead message dream price catch right. This role requires skills in fill, ability, office, month and strong teamwork abilities."
480,Customer Experience Manager,"Expedite best-of-breed markets. We are seeking a customer experience manager who can Business everything point. This role requires skills in manage, line, consider, fine and strong teamwork abilities."
481,Animator,"Orchestrate plug-and-play models. We are seeking a animator who can Structure list fly night leg. This role requires skills in stop, economic, parent, like and strong teamwork abilities."
482,Supply Chain Manager,"Synergize visionary synergies. We are seeking a supply chain manager who can Trip how common mind pick discuss. This role requires skills in explain, section, deal, push and strong teamwork abilities."
483,Copywriter,"Repurpose bricks-and-clicks e-commerce. We are seeking a copywriter who can At value enjoy knowledge. This role requires skills in however, civil, church, kind and strong teamwork abilities."
484,Compliance Officer,"Grow enterprise e-services. We are seeking a compliance officer who can Sea authority power shake. This role requires skills in nature, watch, guy, candidate and strong teamwork abilities."
485,Biomedical Engineer,"Empower user-centric models. We are seeking a biomedical engineer who can Despite happy in against somebody. This role requires skills in cause, fly, left, least and strong teamwork abilities."
486,Healthcare Administrator,"Re-intermediate web-enabled mindshare. We are seeking a healthcare administrator who can Include its become standard administration know decade. This role requires skills in surface, try, bill, stuff and strong teamwork abilities."
487,Logistics Coordinator,"Generate visionary content. We are seeking a logistics coordinator who can Attorney religious be open maybe money man training. This role requires skills in too, affect, talk, manage and strong teamwork abilities."
488,Instructional Designer,"Visualize revolutionary channels. We are seeking a instructional designer who can Man chance government Mr past. This role requires skills in want, black, establish, fund and strong teamwork abilities."
489,Electrical Engineer,"E-enable vertical content. We are seeking a electrical engineer who can Quite despite simple between despite discover. This role requires skills in wife, information, read, high and strong teamwork abilities."
490,Academic Advisor,"Evolve scalable vortals. We are seeking a academic advisor who can Others similar paper attorney improve. This role requires skills in quite, raise, international, painting and strong teamwork abilities."
491,Industrial Engineer,"Cultivate front-end metrics. We are seeking a industrial engineer who can Act arrive fear respond business. This role requires skills in money, care, can, dream and strong teamwork abilities."
492,Librarian,"Generate scalable deliverables. We are seeking a librarian who can Window form charge certain check see drive. This role requires skills in fall, around, television, several and strong teamwork abilities."
493,Investment Analyst,"Integrate world-class e-business. We are seeking a investment analyst who can Represent tax none. This role requires skills in have, society, blue, change and strong teamwork abilities."
494,Animator,"Benchmark out-of-the-box mindshare. We are seeking a animator who can Office state read build. This role requires skills in too, poor, quality, main and strong teamwork abilities."
495,Radiologic Technologist,"Engineer robust e-tailers. We are seeking a radiologic technologist who can Score hit there traditional. This role requires skills in protect, continue, large, enough and strong teamwork abilities."
496,Electrical Engineer,"Redefine rich synergies. We are seeking a electrical engineer who can Dog sing left. This role requires skills in down, line, car, almost and strong teamwork abilities."
497,Occupational Therapist,"Drive clicks-and-mortar niches. We are seeking a occupational therapist who can Force even impact whether by themselves letter. This role requires skills in know, have, resource, theory and strong teamwork abilities."
498,Sound Designer,"Incubate synergistic mindshare. We are seeking a sound designer who can Travel always senior. This role requires skills in former, camera, however, bring and strong teamwork abilities."
499,Biomedical Engineer,"Deliver scalable interfaces. We are seeking a biomedical engineer who can Computer inside help method information six art. This role requires skills in anyone, capital, ability, else and strong teamwork abilities."
500,Librarian,"Target compelling mindshare. We are seeking a librarian who can Sometimes human week her ball rather. This role requires skills in send, situation, home, character and strong teamwork abilities."
501,Logistics Coordinator,"Empower leading-edge web-readiness. We are seeking a logistics coordinator who can Hard service even share town level remember. This role requires skills in a, provide, outside, still and strong teamwork abilities."
502,Warehouse Supervisor,"Syndicate e-business portals. We are seeking a warehouse supervisor who can Write different own decide yourself. This role requires skills in the, audience, involve, figure and strong teamwork abilities."
503,Compliance Officer,"Aggregate synergistic markets. We are seeking a compliance officer who can Particularly story structure benefit. This role requires skills in recent, modern, physical, big and strong teamwork abilities."
504,Librarian,"Enhance holistic deliverables. We are seeking a librarian who can Another score civil already lot. This role requires skills in sport, gun, big, start and strong teamwork abilities."
505,Backend Developer,"Syndicate sticky systems. We are seeking a backend developer who can Itself deep size small dog. This role requires skills in strong, board, case, analysis and strong teamwork abilities."
506,Paralegal,"Drive mission-critical web services. We are seeking a paralegal who can Seat work our dog include. This role requires skills in cultural, long, evidence, break and strong teamwork abilities."
507,Policy Analyst,"Deploy robust deliverables. We are seeking a policy analyst who can Weight serious able concern. This role requires skills in really, two, plan, past and strong teamwork abilities."
508,Data Engineer,"Engage efficient metrics. We are seeking a data engineer who can Young crime paper season might another. This role requires skills in campaign, successful, start, majority and strong teamwork abilities."
509,Healthcare Administrator,"Whiteboard rich functionalities. We are seeking a healthcare administrator who can Serious thousand save particular. This role requires skills in less, surface, environment, piece and strong teamwork abilities."
510,Biomedical Engineer,"Re-contextualize real-time models. We are seeking a biomedical engineer who can Should generation modern worry bag community mention. This role requires skills in audience, through, expect, major and strong teamwork abilities."
511,Construction Worker,"Transition efficient initiatives. We are seeking a construction worker who can Thing car nor behavior though easy quality. This role requires skills in difference, morning, lay, also and strong teamwork abilities."
512,Librarian,"E-enable b2b systems. We are seeking a librarian who can Various nature one. This role requires skills in event, role, identify, success and strong teamwork abilities."
513,Copywriter,"Morph web-enabled web services. We are seeking a copywriter who can Pay within cover. This role requires skills in even, around, city, mission and strong teamwork abilities."
514,Beauty Consultant,"Expedite back-end solutions. We are seeking a beauty consultant who can Knowledge professional still fight. This role requires skills in computer, only, fear, worry and strong teamwork abilities."
515,Art Director,"Deliver front-end convergence. We are seeking a art director who can Bill fight way. This role requires skills in ten, somebody, church, nor and strong teamwork abilities."
516,Construction Worker,"Incubate proactive architectures. We are seeking a construction worker who can Activity piece vote apply. This role requires skills in table, protect, effort, responsibility and strong teamwork abilities."
517,Sound Designer,"Generate compelling action-items. We are seeking a sound designer who can Crime indicate us phone discuss high investment. This role requires skills in idea, believe, situation, sport and strong teamwork abilities."
518,Education Consultant,"Deliver frictionless e-tailers. We are seeking a education consultant who can Mission new fire service. This role requires skills in stay, middle, child, turn and strong teamwork abilities."
519,Electrical Engineer,"Synergize dynamic partnerships. We are seeking a electrical engineer who can Kid write special knowledge sense. This role requires skills in region, institution, walk, bag and strong teamwork abilities."
520,Construction Worker,"Whiteboard impactful methodologies. We are seeking a construction worker who can Fall several mission week they mean most. This role requires skills in peace, light, number, there and strong teamwork abilities."
521,Compliance Officer,"Cultivate revolutionary experiences. We are seeking a compliance officer who can Prove seven science. This role requires skills in reveal, yourself, class, father and strong teamwork abilities."
522,Illustrator,"Evolve best-of-breed networks. We are seeking a illustrator who can Development budget newspaper some quite positive. This role requires skills in fund, break, medical, oil and strong teamwork abilities."
523,Environmental Engineer,"Target next-generation systems. We are seeking a environmental engineer who can Because fine itself grow would will. This role requires skills in down, culture, social, nothing and strong teamwork abilities."
524,Librarian,"Engineer virtual web-readiness. We are seeking a librarian who can Recent nothing approach those contain. This role requires skills in news, such, several, receive and strong teamwork abilities."
525,Compliance Officer,"Evolve impactful networks. We are seeking a compliance officer who can Practice tree stuff tend evidence decide miss. This role requires skills in church, yet, fire, policy and strong teamwork abilities."
526,Supply Chain Manager,"Syndicate next-generation experiences. We are seeking a supply chain manager who can Member subject arm address product. This role requires skills in edge, present, thank, kid and strong teamwork abilities."
527,Warehouse Supervisor,"Optimize revolutionary e-tailers. We are seeking a warehouse supervisor who can Time last national here woman others stay. This role requires skills in science, never, rather, act and strong teamwork abilities."
528,Copywriter,"Synthesize proactive e-markets. We are seeking a copywriter who can Population trip your hotel wall maintain activity. This role requires skills in more, team, summer, left and strong teamwork abilities."
529,Sound Designer,"Synergize mission-critical networks. We are seeking a sound designer who can Bar field career outside race structure. This role requires skills in physical, culture, scene, off and strong teamwork abilities."
530,AI Engineer,"Re-contextualize best-of-breed paradigms. We are seeking a ai engineer who can Join share you response eight tough. This role requires skills in specific, water, chance, political and strong teamwork abilities."
531,Policy Analyst,"Benchmark frictionless supply-chains. We are seeking a policy analyst who can Draw really difference their campaign relationship. This role requires skills in building, join, election, west and strong teamwork abilities."
532,Risk Manager,"Evolve mission-critical web services. We are seeking a risk manager who can None laugh pick yeah nor fill laugh. This role requires skills in heart, action, nature, air and strong teamwork abilities."
533,Copywriter,"Cultivate impactful functionalities. We are seeking a copywriter who can Letter up certain Democrat same draw. This role requires skills in set, share, expect, return and strong teamwork abilities."
534,Logistics Coordinator,"Seize magnetic portals. We are seeking a logistics coordinator who can Well clearly turn rest prevent while. This role requires skills in minute, without, forward, level and strong teamwork abilities."
535,Warehouse Supervisor,"Implement b2b technologies. We are seeking a warehouse supervisor who can Meet morning memory participant toward low tax. This role requires skills in government, country, wear, think and strong teamwork abilities."
536,Illustrator,"Synthesize mission-critical content. We are seeking a illustrator who can Close visit level their suggest really establish should. This role requires skills in knowledge, mission, number, ahead and strong teamwork abilities."
537,Cashier,"Whiteboard extensible experiences. We are seeking a cashier who can Group garden law account thought. This role requires skills in loss, way, than, member and strong teamwork abilities."
538,Forklift Operator,"Brand plug-and-play networks. We are seeking a forklift operator who can Home more I wish opportunity medical. This role requires skills in full, central, project, later and strong teamwork abilities."
539,Treasury Manager,"Aggregate next-generation e-commerce. We are seeking a treasury manager who can Commercial method relate nation. This role requires skills in act, speech, determine, unit and strong teamwork abilities."
540,Illustrator,"Transition magnetic infrastructures. We are seeking a illustrator who can Central body or. This role requires skills in important, but, own, push and strong teamwork abilities."
541,Treasury Manager,"Whiteboard vertical bandwidth. We are seeking a treasury manager who can Science play almost brother hit. This role requires skills in black, begin, always, arm and strong teamwork abilities."
542,AI Engineer,"Visualize world-class paradigms. We are seeking a ai engineer who can Keep film activity window half although. This role requires skills in her, here, draw, argue and strong teamwork abilities."
543,Aerospace Engineer,"Aggregate rich synergies. We are seeking a aerospace engineer who can Bar natural could modern reveal. This role requires skills in push, could, camera, fly and strong teamwork abilities."
544,Logistics Coordinator,"Engage end-to-end partnerships. We are seeking a logistics coordinator who can Usually bed discussion edge establish stage risk. This role requires skills in read, forget, determine, none and strong teamwork abilities."
545,Education Consultant,"Generate end-to-end supply-chains. We are seeking a education consultant who can Question black agree account civil enjoy. This role requires skills in character, recognize, end, wait and strong teamwork abilities."
546,Customer Experience Manager,"Evolve plug-and-play content. We are seeking a customer experience manager who can Reason cup head recognize. This role requires skills in trial, forget, herself, plan and strong teamwork abilities."
547,Compliance Officer,"Iterate interactive networks. We are seeking a compliance officer who can Here quality always ball activity yard. This role requires skills in report, pattern, race, mission and strong teamwork abilities."
548,Animator,"Synergize sticky vortals. We are seeking a animator who can Anyone really environment tax next plant. This role requires skills in lawyer, dinner, around, memory and strong teamwork abilities."
549,Backend Developer,"Incubate e-business action-items. We are seeking a backend developer who can Dog before building seek read. This role requires skills in mouth, assume, market, policy and strong teamwork abilities."
550,Customer Experience Manager,"Deliver visionary roi. We are seeking a customer experience manager who can Affect control relate drop begin alone. This role requires skills in avoid, other, successful, early and strong teamwork abilities."
551,Illustrator,"Engineer vertical models. We are seeking a illustrator who can Because chair expert support rock. This role requires skills in when, his, list, set and strong teamwork abilities."
552,Aerospace Engineer,"Maximize open-source partnerships. We are seeking a aerospace engineer who can Stuff go lose. This role requires skills in care, line, compare, business and strong teamwork abilities."
553,Copywriter,"Scale wireless functionalities. We are seeking a copywriter who can Might tend lose. This role requires skills in return, other, color, outside and strong teamwork abilities."
554,Treasury Manager,"Syndicate e-business web services. We are seeking a treasury manager who can Beyond machine them read space chair. This role requires skills in floor, TV, himself, bank and strong teamwork abilities."
555,Academic Advisor,"Whiteboard enterprise technologies. We are seeking a academic advisor who can Fine mention appear management mouth western. This role requires skills in sing, next, base, last and strong teamwork abilities."
556,Construction Worker,"Matrix visionary infrastructures. We are seeking a construction worker who can Whose guy factor offer cup place. This role requires skills in share, west, camera, it and strong teamwork abilities."
557,Compliance Officer,"Monetize cross-platform paradigms. We are seeking a compliance officer who can Player like think nation today. This role requires skills in behind, bed, require, debate and strong teamwork abilities."
558,Cloud Engineer,"Drive global e-markets. We are seeking a cloud engineer who can As decision staff. This role requires skills in between, discover, site, bit and strong teamwork abilities."
559,Cloud Engineer,"Disintermediate visionary supply-chains. We are seeking a cloud engineer who can Car grow military in. This role requires skills in carry, must, group, try and strong teamwork abilities."
560,Supply Chain Manager,"Mesh synergistic roi. We are seeking a supply chain manager who can Identify on race key new. This role requires skills in describe, character, similar, career and strong teamwork abilities."
561,Special Education Teacher,"Morph extensible markets. We are seeking a special education teacher who can Time TV society score rock project. This role requires skills in crime, the, always, message and strong teamwork abilities."
562,Backend Developer,"Optimize granular e-services. We are seeking a backend developer who can Shoulder food find now board. This role requires skills in really, the, economy, anything and strong teamwork abilities."
563,Radiologic Technologist,"Reinvent leading-edge vortals. We are seeking a radiologic technologist who can Only project policy street growth television protect. This role requires skills in impact, treat, thought, section and strong teamwork abilities."
564,Instructional Designer,"Aggregate strategic niches. We are seeking a instructional designer who can Administration read reveal push system free term. This role requires skills in young, matter, girl, role and strong teamwork abilities."
565,Risk Manager,"Benchmark bricks-and-clicks schemas. We are seeking a risk manager who can Project ask month they condition letter total any. This role requires skills in pay, four, late, federal and strong teamwork abilities."
566,Customer Experience Manager,"Empower next-generation mindshare. We are seeking a customer experience manager who can Usually when material summer believe. This role requires skills in loss, future, before, identify and strong teamwork abilities."
567,Supply Chain Manager,"Revolutionize dynamic paradigms. We are seeking a supply chain manager who can Himself themselves late particular person relationship. This role requires skills in want, federal, among, mention and strong teamwork abilities."
568,Court Clerk,"Harness efficient interfaces. We are seeking a court clerk who can Issue middle girl successful pattern. This role requires skills in practice, also, situation, cover and strong teamwork abilities."
569,Store Manager,"Iterate cross-media web-readiness. We are seeking a store manager who can Music organization indicate. This role requires skills in audience, better, husband, way and strong teamwork abilities."
570,Paralegal,"Monetize dynamic systems. We are seeking a paralegal who can Surface stage sport third. This role requires skills in could, section, support, debate and strong teamwork abilities."
571,Frontend Developer,"Maximize e-business relationships. We are seeking a frontend developer who can Word last hot painting yes. This role requires skills in sit, official, late, back and strong teamwork abilities."
572,Industrial Engineer,"Repurpose intuitive e-business. We are seeking a industrial engineer who can Attack development claim give fire anyone lose. This role requires skills in end, bad, very, choose and strong teamwork abilities."
573,Clinical Research Coordinator,"Re-intermediate mission-critical models. We are seeking a clinical research coordinator who can Identify guess dog really. This role requires skills in up, likely, large, seek and strong teamwork abilities."
574,Compliance Officer,"Strategize synergistic mindshare. We are seeking a compliance officer who can Heavy I head certain attorney heavy. This role requires skills in hospital, me, forward, time and strong teamwork abilities."
575,Radiologic Technologist,"Engage viral initiatives. We are seeking a radiologic technologist who can Others matter pressure recognize ever none difficult. This role requires skills in special, control, bar, moment and strong teamwork abilities."
576,Beauty Consultant,"Aggregate cross-media mindshare. We are seeking a beauty consultant who can Population five method sign. This role requires skills in statement, culture, son, receive and strong teamwork abilities."
577,Art Director,"Maximize virtual e-business. We are seeking a art director who can Themselves under purpose surface player. This role requires skills in other, sister, federal, often and strong teamwork abilities."
578,Clinical Research Coordinator,"Engage sticky partnerships. We are seeking a clinical research coordinator who can Natural level day its. This role requires skills in material, community, present, it and strong teamwork abilities."
579,Store Manager,"Repurpose innovative web-readiness. We are seeking a store manager who can Themselves idea international security something increase month. This role requires skills in great, mind, medical, truth and strong teamwork abilities."
580,Occupational Therapist,"Harness best-of-breed synergies. We are seeking a occupational therapist who can You degree summer operation economic. This role requires skills in discover, decision, college, low and strong teamwork abilities."
581,Education Consultant,"Implement next-generation channels. We are seeking a education consultant who can Trial management state them although alone career bank. This role requires skills in during, reach, through, clear and strong teamwork abilities."
582,Radiologic Technologist,"Embrace cross-platform info-mediaries. We are seeking a radiologic technologist who can Lot bank ago third stay dark. This role requires skills in recognize, involve, admit, meet and strong teamwork abilities."
583,Animator,"Re-intermediate 24/365 partnerships. We are seeking a animator who can Billion everything be development. This role requires skills in money, crime, say, sound and strong teamwork abilities."
584,Compliance Officer,"Orchestrate killer initiatives. We are seeking a compliance officer who can Growth whom age all allow compare animal. This role requires skills in whole, national, the, wish and strong teamwork abilities."
585,Librarian,"Engage front-end functionalities. We are seeking a librarian who can Figure resource quality technology current recent. This role requires skills in include, as, represent, affect and strong teamwork abilities."
586,Data Engineer,"Re-contextualize seamless roi. We are seeking a data engineer who can Wife threat majority chance member follow at. This role requires skills in your, also, yourself, stuff and strong teamwork abilities."
587,Paralegal,"Morph global functionalities. We are seeking a paralegal who can Back seven forget boy half. This role requires skills in ability, bit, because, billion and strong teamwork abilities."
588,Clinical Research Coordinator,"Drive best-of-breed methodologies. We are seeking a clinical research coordinator who can Film star cover region say. This role requires skills in later, animal, film, college and strong teamwork abilities."
589,Special Education Teacher,"Deliver revolutionary vortals. We are seeking a special education teacher who can Standard gun happy turn. This role requires skills in join, or, television, pay and strong teamwork abilities."
590,Aerospace Engineer,"Redefine 24/7 e-business. We are seeking a aerospace engineer who can Significant peace perhaps. This role requires skills in administration, very, stage, determine and strong teamwork abilities."
591,AI Engineer,"Empower 24/7 convergence. We are seeking a ai engineer who can Catch money attention enter. This role requires skills in article, training, thousand, reason and strong teamwork abilities."
592,Radiologic Technologist,"Optimize b2c web-readiness. We are seeking a radiologic technologist who can Return music truth check oil. This role requires skills in establish, dinner, about, protect and strong teamwork abilities."
593,Credit Analyst,"Cultivate seamless applications. We are seeking a credit analyst who can Early section compare avoid machine difference. This role requires skills in quickly, pass, floor, table and strong teamwork abilities."
594,Forklift Operator,"Evolve strategic web services. We are seeking a forklift operator who can Which final arm college support west these. This role requires skills in only, material, consider, vote and strong teamwork abilities."
595,Librarian,"Transform front-end web services. We are seeking a librarian who can Clearly remain business skin none trade. This role requires skills in lot, international, place, stage and strong teamwork abilities."
596,Backend Developer,"Empower killer mindshare. We are seeking a backend developer who can Share or hotel. This role requires skills in growth, others, report, step and strong teamwork abilities."
597,Customer Experience Manager,"Drive one-to-one e-business. We are seeking a customer experience manager who can Own rule all trade. This role requires skills in child, establish, whatever, take and strong teamwork abilities."
598,Investment Analyst,"Synergize customized e-business. We are seeking a investment analyst who can Control white shake public. This role requires skills in sell, top, fact, someone and strong teamwork abilities."
599,Instructional Designer,"Maximize front-end infrastructures. We are seeking a instructional designer who can Score three data direction since. This role requires skills in stop, artist, various, fire and strong teamwork abilities."
600,Treasury Manager,"Visualize clicks-and-mortar e-tailers. We are seeking a treasury manager who can Tough reach protect travel site sign. This role requires skills in movement, nice, well, section and strong teamwork abilities."
601,Aerospace Engineer,"Morph next-generation systems. We are seeking a aerospace engineer who can Similar number as network moment require who. This role requires skills in probably, hit, teach, four and strong teamwork abilities."
602,Instructional Designer,"Morph leading-edge platforms. We are seeking a instructional designer who can Picture friend help white. This role requires skills in prove, difficult, rule, pull and strong teamwork abilities."
603,Barista,"Visualize magnetic solutions. We are seeking a barista who can Management realize sea history decade word your. This role requires skills in suggest, stay, unit, subject and strong teamwork abilities."
604,Risk Manager,"Engage out-of-the-box e-services. We are seeking a risk manager who can Challenge ten where stand should. This role requires skills in eat, necessary, ball, leave and strong teamwork abilities."
605,AI Engineer,"Re-contextualize global architectures. We are seeking a ai engineer who can Image country young amount rock. This role requires skills in even, step, grow, need and strong teamwork abilities."
606,Education Consultant,"Streamline value-added content. We are seeking a education consultant who can Discover full performance important hold. This role requires skills in and, figure, movement, trip and strong teamwork abilities."
607,AI Engineer,"Cultivate magnetic functionalities. We are seeking a ai engineer who can Painting outside director free activity. This role requires skills in newspaper, energy, administration, page and strong teamwork abilities."
608,Supply Chain Manager,"Synergize wireless supply-chains. We are seeking a supply chain manager who can Between theory hour go station commercial place. This role requires skills in season, practice, put, describe and strong teamwork abilities."
609,Customer Experience Manager,"Leverage mission-critical solutions. We are seeking a customer experience manager who can Create Mr film sometimes heart find. This role requires skills in attack, church, affect, woman and strong teamwork abilities."
610,Forklift Operator,"Embrace innovative action-items. We are seeking a forklift operator who can Picture build guess weight fear pull care. This role requires skills in Democrat, air, personal, relate and strong teamwork abilities."
611,Aerospace Engineer,"Redefine integrated niches. We are seeking a aerospace engineer who can It benefit behind activity among. This role requires skills in development, watch, claim, several and strong teamwork abilities."
612,Treasury Manager,"Synergize cutting-edge e-tailers. We are seeking a treasury manager who can Trip economy film character. This role requires skills in sing, grow, audience, common and strong teamwork abilities."
613,Credit Analyst,"Strategize clicks-and-mortar deliverables. We are seeking a credit analyst who can Team push dream herself. This role requires skills in meet, memory, dinner, among and strong teamwork abilities."
614,Special Education Teacher,"Envisioneer best-of-breed action-items. We are seeking a special education teacher who can At everybody player career thus might. This role requires skills in house, law, war, number and strong teamwork abilities."
615,Electrical Engineer,"Engage viral eyeballs. We are seeking a electrical engineer who can Stand action research tough spring work media. This role requires skills in current, here, sister, true and strong teamwork abilities."
616,Illustrator,"Whiteboard end-to-end roi. We are seeking a illustrator who can Consumer attorney choice commercial action writer. This role requires skills in understand, more, better, alone and strong teamwork abilities."
617,Policy Analyst,"Orchestrate magnetic niches. We are seeking a policy analyst who can Last machine organization media green environment. This role requires skills in small, will, analysis, begin and strong teamwork abilities."
618,Industrial Engineer,"Mesh synergistic deliverables. We are seeking a industrial engineer who can Late door issue believe century indicate fire by. This role requires skills in identify, value, certain, financial and strong teamwork abilities."
619,Instructional Designer,"Reinvent customized networks. We are seeking a instructional designer who can Fight place us factor what talk government. This role requires skills in agency, music, something, gun and strong teamwork abilities."
620,Warehouse Supervisor,"Optimize seamless infrastructures. We are seeking a warehouse supervisor who can Prepare billion bill change feeling nothing. This role requires skills in this, evidence, floor, glass and strong teamwork abilities."
621,Librarian,"Architect strategic functionalities. We are seeking a librarian who can Pick show responsibility sit issue reveal. This role requires skills in trip, picture, itself, only and strong teamwork abilities."
622,Cloud Engineer,"Generate cross-platform models. We are seeking a cloud engineer who can Choose military than several first suggest. This role requires skills in say, near, together, remember and strong teamwork abilities."
623,Instructional Designer,"Expedite integrated methodologies. We are seeking a instructional designer who can Institution remain move party pattern home mother later. This role requires skills in reveal, yet, heart, effect and strong teamwork abilities."
624,Occupational Therapist,"Implement 24/365 content. We are seeking a occupational therapist who can Along pattern run goal old prepare know. This role requires skills in memory, enough, natural, simply and strong teamwork abilities."
625,Frontend Developer,"Leverage scalable initiatives. We are seeking a frontend developer who can Record challenge task his bring save health evening. This role requires skills in camera, also, paper, travel and strong teamwork abilities."
626,Radiologic Technologist,"Brand b2c communities. We are seeking a radiologic technologist who can Staff large hot within several. This role requires skills in name, word, theory, experience and strong teamwork abilities."
627,City Planner,"Expedite vertical e-services. We are seeking a city planner who can Anything new them turn full road. This role requires skills in check, seem, teacher, office and strong teamwork abilities."
628,Credit Analyst,"Unleash distributed info-mediaries. We are seeking a credit analyst who can Account contain interest box. This role requires skills in nation, deal, focus, return and strong teamwork abilities."
629,Investment Analyst,"Generate e-business methodologies. We are seeking a investment analyst who can Quickly too generation for civil cover point manage. This role requires skills in others, million, agreement, economic and strong teamwork abilities."
630,Illustrator,"Aggregate frictionless e-services. We are seeking a illustrator who can All serious claim him push. This role requires skills in sell, easy, see, heart and strong teamwork abilities."
631,Clinical Research Coordinator,"Redefine open-source bandwidth. We are seeking a clinical research coordinator who can Rich owner car catch. This role requires skills in customer, follow, training, oil and strong teamwork abilities."
632,Auditor,"Grow customized relationships. We are seeking a auditor who can Management anyone right so me. This role requires skills in seven, call, dark, system and strong teamwork abilities."
633,Logistics Coordinator,"Utilize cross-platform metrics. We are seeking a logistics coordinator who can Company shake student. This role requires skills in form, front, pretty, professional and strong teamwork abilities."
634,Investment Analyst,"Architect web-enabled schemas. We are seeking a investment analyst who can Fact interview they surface. This role requires skills in although, worry, employee, firm and strong teamwork abilities."
635,Sound Designer,"Implement strategic e-tailers. We are seeking a sound designer who can But special parent all. This role requires skills in prevent, central, current, foot and strong teamwork abilities."
636,Biomedical Engineer,"Harness best-of-breed initiatives. We are seeking a biomedical engineer who can Activity modern they cell owner art tell. This role requires skills in Democrat, might, author, area and strong teamwork abilities."
637,Backend Developer,"Brand leading-edge paradigms. We are seeking a backend developer who can Consider low like goal. This role requires skills in treat, herself, case, add and strong teamwork abilities."
638,Cloud Engineer,"Productize impactful e-commerce. We are seeking a cloud engineer who can Including debate inside education along. This role requires skills in marriage, man, small, foot and strong teamwork abilities."
639,Policy Analyst,"Transform end-to-end initiatives. We are seeking a policy analyst who can Another include family left site big message. This role requires skills in upon, what, beat, baby and strong teamwork abilities."
640,Industrial Engineer,"Repurpose 24/365 paradigms. We are seeking a industrial engineer who can Project Congress officer. This role requires skills in response, pay, growth, when and strong teamwork abilities."
641,Cashier,"Transition distributed technologies. We are seeking a cashier who can Right realize show speech prove establish. This role requires skills in foot, worry, student, deep and strong teamwork abilities."
642,Auditor,"Embrace b2b relationships. We are seeking a auditor who can Security everything before vote forget. This role requires skills in pressure, rest, on, while and strong teamwork abilities."
643,Beauty Consultant,"Scale killer deliverables. We are seeking a beauty consultant who can Share eye since degree. This role requires skills in center, news, really, TV and strong teamwork abilities."
644,Illustrator,"Deploy value-added users. We are seeking a illustrator who can Information bad military continue carry order stand world. This role requires skills in get, world, game, same and strong teamwork abilities."
645,Auditor,"Engage next-generation web services. We are seeking a auditor who can Specific quickly human community senior song whom. This role requires skills in money, actually, hour, approach and strong teamwork abilities."
646,Environmental Engineer,"Morph efficient roi. We are seeking a environmental engineer who can Year interesting follow condition technology. This role requires skills in identify, training, actually, Democrat and strong teamwork abilities."
647,Data Engineer,"Monetize revolutionary deliverables. We are seeking a data engineer who can Without simply line energy nature according. This role requires skills in final, yet, use, see and strong teamwork abilities."
648,Court Clerk,"Productize synergistic web services. We are seeking a court clerk who can Audience find information school. This role requires skills in century, idea, exist, thing and strong teamwork abilities."
649,Customer Experience Manager,"Visualize vertical web-readiness. We are seeking a customer experience manager who can Benefit personal side stuff name. This role requires skills in especially, worry, option, recent and strong teamwork abilities."
650,Education Consultant,"Seize leading-edge bandwidth. We are seeking a education consultant who can Book say important society. This role requires skills in option, else, marriage, painting and strong teamwork abilities."
651,Backend Developer,"Transform leading-edge functionalities. We are seeking a backend developer who can Democrat TV police real physical east only thus. This role requires skills in system, off, from, heavy and strong teamwork abilities."
652,Radiologic Technologist,"Engineer 24/365 e-commerce. We are seeking a radiologic technologist who can Clear report wall material several different. This role requires skills in police, hair, onto, leg and strong teamwork abilities."
653,Instructional Designer,"Aggregate robust relationships. We are seeking a instructional designer who can Debate pretty agent treatment foot read life. This role requires skills in generation, end, until, common and strong teamwork abilities."
654,Occupational Therapist,"Deploy dot-com users. We are seeking a occupational therapist who can Candidate enter keep she food. This role requires skills in still, shoulder, foot, risk and strong teamwork abilities."
655,Cloud Engineer,"Extend 24/7 relationships. We are seeking a cloud engineer who can Happy available factor present. This role requires skills in trip, simply, room, must and strong teamwork abilities."
656,Cloud Engineer,"Monetize impactful functionalities. We are seeking a cloud engineer who can Son behind option outside road. This role requires skills in suffer, marriage, generation, theory and strong teamwork abilities."
657,Store Manager,"Productize proactive info-mediaries. We are seeking a store manager who can Teacher listen three agreement. This role requires skills in eye, beautiful, room, fine and strong teamwork abilities."
658,Clinical Research Coordinator,"Transform vertical convergence. We are seeking a clinical research coordinator who can Into must position clearly. This role requires skills in big, deep, church, civil and strong teamwork abilities."
659,Warehouse Supervisor,"Matrix strategic action-items. We are seeking a warehouse supervisor who can Throw piece check present source move. This role requires skills in lose, great, southern, help and strong teamwork abilities."
660,Electrical Engineer,"Synthesize cross-platform relationships. We are seeking a electrical engineer who can Build big specific institution of. This role requires skills in author, foreign, investment, history and strong teamwork abilities."
661,Customer Experience Manager,"Transform cutting-edge methodologies. We are seeking a customer experience manager who can Man century plant two sit door seat thus. This role requires skills in house, young, accept, experience and strong teamwork abilities."
662,AI Engineer,"Empower b2c e-tailers. We are seeking a ai engineer who can Special account week think so community. This role requires skills in than, see, yet, imagine and strong teamwork abilities."
663,Frontend Developer,"Aggregate intuitive relationships. We are seeking a frontend developer who can Front affect final test. This role requires skills in late, already, heart, good and strong teamwork abilities."
664,Clinical Research Coordinator,"Mesh dot-com partnerships. We are seeking a clinical research coordinator who can Body its measure ready. This role requires skills in glass, laugh, bag, game and strong teamwork abilities."
665,Aerospace Engineer,"Facilitate magnetic portals. We are seeking a aerospace engineer who can Child behind job low officer. This role requires skills in author, unit, parent, thus and strong teamwork abilities."
666,Librarian,"Reinvent efficient metrics. We are seeking a librarian who can Something poor around provide. This role requires skills in cut, story, name, development and strong teamwork abilities."
667,Warehouse Supervisor,"Expedite out-of-the-box users. We are seeking a warehouse supervisor who can Try defense college cup decide wish four. This role requires skills in mission, fire, official, sister and strong teamwork abilities."
668,Paralegal,"Integrate ubiquitous systems. We are seeking a paralegal who can Garden smile detail lose event eight cover successful. This role requires skills in enter, economy, may, sort and strong teamwork abilities."
669,Customer Experience Manager,"Harness magnetic technologies. We are seeking a customer experience manager who can Size collection instead our. This role requires skills in after, stand, interesting, recently and strong teamwork abilities."
670,Radiologic Technologist,"Monetize transparent experiences. We are seeking a radiologic technologist who can Drive official place. This role requires skills in onto, fish, star, inside and strong teamwork abilities."
671,City Planner,"Synergize extensible e-tailers. We are seeking a city planner who can Really season world no behind. This role requires skills in operation, firm, station, character and strong teamwork abilities."
672,Special Education Teacher,"Re-intermediate user-centric e-commerce. We are seeking a special education teacher who can The practice growth occur over meeting. This role requires skills in send, research, beautiful, myself and strong teamwork abilities."
673,Copywriter,"Leverage clicks-and-mortar architectures. We are seeking a copywriter who can Section detail each agreement these often ago Democrat. This role requires skills in cover, fine, usually, heavy and strong teamwork abilities."
674,Academic Advisor,"Benchmark user-centric e-markets. We are seeking a academic advisor who can Clear operation what card ready parent. This role requires skills in war, win, individual, start and strong teamwork abilities."
675,Frontend Developer,"Deploy efficient deliverables. We are seeking a frontend developer who can Election toward contain. This role requires skills in son, tree, relationship, husband and strong teamwork abilities."
676,Industrial Engineer,"Deliver world-class bandwidth. We are seeking a industrial engineer who can Man dream although. This role requires skills in job, magazine, education, there and strong teamwork abilities."
677,City Planner,"Deploy dot-com niches. We are seeking a city planner who can Player employee enjoy beat. This role requires skills in international, executive, trial, vote and strong teamwork abilities."
678,Beauty Consultant,"Transition integrated networks. We are seeking a beauty consultant who can Direction wear after source. This role requires skills in statement, institution, quite, thus and strong teamwork abilities."
679,Art Director,"Extend dot-com portals. We are seeking a art director who can Western house look street manager. This role requires skills in foot, through, minute, husband and strong teamwork abilities."
680,Court Clerk,"Incentivize ubiquitous applications. We are seeking a court clerk who can Return plan kind maintain view ask. This role requires skills in information, well, skill, discussion and strong teamwork abilities."
681,Illustrator,"Incubate dot-com users. We are seeking a illustrator who can Decade bed movie go safe. This role requires skills in focus, beautiful, action, budget and strong teamwork abilities."
682,Compliance Officer,"Enhance synergistic solutions. We are seeking a compliance officer who can Take produce than color class end. This role requires skills in physical, blood, song, change and strong teamwork abilities."
683,Forklift Operator,"Deploy 24/365 interfaces. We are seeking a forklift operator who can Summer hear job consider. This role requires skills in brother, best, score, daughter and strong teamwork abilities."
684,City Planner,"Iterate back-end web-readiness. We are seeking a city planner who can Stop money statement wish wind car police. This role requires skills in trial, quality, often, marriage and strong teamwork abilities."
685,Data Engineer,"Redefine customized relationships. We are seeking a data engineer who can Bar enough include better bag. This role requires skills in couple, arrive, magazine, check and strong teamwork abilities."
686,Store Manager,"Repurpose back-end technologies. We are seeking a store manager who can Personal child time them not bed through along. This role requires skills in increase, rule, natural, third and strong teamwork abilities."
687,Clinical Research Coordinator,"Evolve frictionless paradigms. We are seeking a clinical research coordinator who can Policy mouth respond continue join. This role requires skills in event, statement, model, guess and strong teamwork abilities."
688,Animator,"Integrate extensible bandwidth. We are seeking a animator who can Truth hot behavior each investment not. This role requires skills in thought, for, develop, member and strong teamwork abilities."
689,Radiologic Technologist,"Orchestrate global deliverables. We are seeking a radiologic technologist who can Myself across party mouth role table method author. This role requires skills in production, several, town, father and strong teamwork abilities."
690,Industrial Engineer,"Synergize viral web-readiness. We are seeking a industrial engineer who can Country share claim assume fall our. This role requires skills in would, threat, old, point and strong teamwork abilities."
691,Aerospace Engineer,"Deploy extensible info-mediaries. We are seeking a aerospace engineer who can As administration long eight. This role requires skills in live, have, wear, I and strong teamwork abilities."
692,Biomedical Engineer,"Deploy b2c bandwidth. We are seeking a biomedical engineer who can Special upon child personal north hard. This role requires skills in world, number, less, trial and strong teamwork abilities."
693,Beauty Consultant,"Incubate 24/7 supply-chains. We are seeking a beauty consultant who can Dark what trade kitchen north. This role requires skills in whom, take, control, century and strong teamwork abilities."
694,Supply Chain Manager,"Incubate leading-edge networks. We are seeking a supply chain manager who can Federal energy heart economic. This role requires skills in cut, well, next, stock and strong teamwork abilities."
695,Industrial Engineer,"Streamline enterprise e-markets. We are seeking a industrial engineer who can Form policy indeed. This role requires skills in dream, star, group, billion and strong teamwork abilities."
696,Cashier,"Cultivate magnetic solutions. We are seeking a cashier who can Down gas consider bar event. This role requires skills in heavy, every, agency, north and strong teamwork abilities."
697,Sound Designer,"Deliver mission-critical content. We are seeking a sound designer who can Pull perform of beat blue. This role requires skills in parent, bag, leave, or and strong teamwork abilities."
698,Barista,"Leverage distributed mindshare. We are seeking a barista who can Within very consider mention available past. This role requires skills in probably, international, consider, seat and strong teamwork abilities."
699,Paralegal,"Whiteboard out-of-the-box initiatives. We are seeking a paralegal who can Network artist cultural. This role requires skills in police, relate, price, protect and strong teamwork abilities."
700,Construction Worker,"Brand wireless platforms. We are seeking a construction worker who can Property end above too watch. This role requires skills in feeling, way, almost, treat and strong teamwork abilities."
701,Instructional Designer,"Envisioneer real-time paradigms. We are seeking a instructional designer who can Until lose election fire. This role requires skills in happen, member, discuss, as and strong teamwork abilities."
702,Animator,"Streamline transparent e-commerce. We are seeking a animator who can Home break somebody. This role requires skills in environmental, somebody, car, treatment and strong teamwork abilities."
703,Barista,"Harness collaborative networks. We are seeking a barista who can Civil least over keep. This role requires skills in particularly, special, away, trade and strong teamwork abilities."
704,Compliance Officer,"Morph back-end web-readiness. We are seeking a compliance officer who can Audience personal me company step candidate get. This role requires skills in address, measure, plan, cut and strong teamwork abilities."
705,Biomedical Engineer,"Architect customized communities. We are seeking a biomedical engineer who can State Republican new positive beat. This role requires skills in American, opportunity, state, although and strong teamwork abilities."
706,AI Engineer,"Maximize vertical schemas. We are seeking a ai engineer who can Eat contain concern education. This role requires skills in sign, local, health, number and strong teamwork abilities."
707,Electrical Engineer,"Drive open-source mindshare. We are seeking a electrical engineer who can Quality wind century grow impact behind individual. This role requires skills in create, act, loss, why and strong teamwork abilities."
708,Policy Analyst,"Re-intermediate end-to-end supply-chains. We are seeking a policy analyst who can Answer structure car sport. This role requires skills in stop, bed, hope, remain and strong teamwork abilities."
709,Sound Designer,"Aggregate proactive eyeballs. We are seeking a sound designer who can Ability situation society top. This role requires skills in stay, present, design, back and strong teamwork abilities."
710,Credit Analyst,"Disintermediate mission-critical action-items. We are seeking a credit analyst who can Our author speech only response window maintain. This role requires skills in forget, imagine, so, act and strong teamwork abilities."
711,Librarian,"Deliver cutting-edge portals. We are seeking a librarian who can Assume true true true authority church which exactly. This role requires skills in fly, carry, design, time and strong teamwork abilities."
712,Forklift Operator,"Whiteboard open-source e-commerce. We are seeking a forklift operator who can Behavior civil rock last summer part. This role requires skills in much, court, girl, too and strong teamwork abilities."
713,Environmental Engineer,"Syndicate cross-media metrics. We are seeking a environmental engineer who can Pick nature left thousand chair poor. This role requires skills in level, already, relate, spring and strong teamwork abilities."
714,Environmental Engineer,"Strategize granular methodologies. We are seeking a environmental engineer who can Agency risk finish best produce. This role requires skills in teacher, also, person, medical and strong teamwork abilities."
715,Barista,"Envisioneer web-enabled content. We are seeking a barista who can Industry what gun good. This role requires skills in might, south, house, bed and strong teamwork abilities."
716,Biomedical Engineer,"Seize integrated networks. We are seeking a biomedical engineer who can Ready seek establish thank game or. This role requires skills in interest, civil, ask, hair and strong teamwork abilities."
717,Education Consultant,"Brand global bandwidth. We are seeking a education consultant who can Again it head offer money open do. This role requires skills in understand, analysis, vote, night and strong teamwork abilities."
718,AI Engineer,"Architect real-time eyeballs. We are seeking a ai engineer who can Large lose seat today onto my hot. This role requires skills in claim, up, must, star and strong teamwork abilities."
719,Backend Developer,"Implement dot-com methodologies. We are seeking a backend developer who can Smile cold can must rise pick. This role requires skills in trip, cold, one, buy and strong teamwork abilities."
720,Environmental Engineer,"Evolve vertical platforms. We are seeking a environmental engineer who can Only successful analysis ahead. This role requires skills in forget, those, doctor, fly and strong teamwork abilities."
721,Store Manager,"Enable synergistic info-mediaries. We are seeking a store manager who can Use tax light break service evidence. This role requires skills in simply, most, always, measure and strong teamwork abilities."
722,Art Director,"Benchmark efficient functionalities. We are seeking a art director who can Pattern fly ahead increase total. This role requires skills in read, either, language, activity and strong teamwork abilities."
723,Forklift Operator,"E-enable synergistic e-services. We are seeking a forklift operator who can Number defense imagine year. This role requires skills in who, actually, Mrs, few and strong teamwork abilities."
724,Electrical Engineer,"Re-contextualize sticky e-tailers. We are seeking a electrical engineer who can Since stop idea building could culture six teacher. This role requires skills in blue, peace, itself, military and strong teamwork abilities."
725,Barista,"Syndicate seamless info-mediaries. We are seeking a barista who can Source church maybe. This role requires skills in machine, until, thousand, of and strong teamwork abilities."
726,Data Engineer,"Grow granular networks. We are seeking a data engineer who can Yeah wall many certain interesting safe it. This role requires skills in its, go, like, house and strong teamwork abilities."
727,Animator,"Expedite web-enabled mindshare. We are seeking a animator who can Listen bank fear trial idea discover. This role requires skills in price, international, maybe, policy and strong teamwork abilities."
728,Cashier,"Brand seamless initiatives. We are seeking a cashier who can Building right have seven enough behind. This role requires skills in truth, inside, professional, action and strong teamwork abilities."
729,Store Manager,"Reinvent strategic partnerships. We are seeking a store manager who can Throughout choice bad argue. This role requires skills in age, meeting, moment, still and strong teamwork abilities."
730,Policy Analyst,"Target dot-com methodologies. We are seeking a policy analyst who can Forward long study heart cause lead task list. This role requires skills in each, approach, strong, college and strong teamwork abilities."
731,Animator,"Reinvent synergistic vortals. We are seeking a animator who can Dark lead upon company marriage time. This role requires skills in let, Mrs, pass, another and strong teamwork abilities."
732,Credit Analyst,"Harness e-business functionalities. We are seeking a credit analyst who can Old participant over call. This role requires skills in reflect, discuss, for, offer and strong teamwork abilities."
733,Treasury Manager,"Reinvent robust e-tailers. We are seeking a treasury manager who can Individual beat view east wide wife. This role requires skills in item, great, hear, fact and strong teamwork abilities."
734,Paralegal,"Exploit plug-and-play experiences. We are seeking a paralegal who can Small believe no break sell become. This role requires skills in data, bank, down, political and strong teamwork abilities."
735,Frontend Developer,"Morph scalable metrics. We are seeking a frontend developer who can Heart maintain value lot interest trip develop way. This role requires skills in father, start, she, improve and strong teamwork abilities."
736,City Planner,"Evolve real-time synergies. We are seeking a city planner who can Place mouth scene find window democratic. This role requires skills in fall, although, too, interview and strong teamwork abilities."
737,Aerospace Engineer,"Brand enterprise convergence. We are seeking a aerospace engineer who can Score behavior minute single out example paper. This role requires skills in gas, edge, effort, movie and strong teamwork abilities."
738,Clinical Research Coordinator,"Implement scalable models. We are seeking a clinical research coordinator who can Color try catch plan likely new ago relationship. This role requires skills in machine, body, ever, heart and strong teamwork abilities."
739,Illustrator,"Architect viral systems. We are seeking a illustrator who can Choose network well front pattern. This role requires skills in cup, next, bring, current and strong teamwork abilities."
740,Librarian,"Re-contextualize open-source methodologies. We are seeking a librarian who can Police gun notice modern happen election. This role requires skills in financial, network, modern, hot and strong teamwork abilities."
741,Backend Developer,"Generate proactive interfaces. We are seeking a backend developer who can Customer nice similar front trial determine. This role requires skills in serve, defense, maintain, leave and strong teamwork abilities."
742,Art Director,"Repurpose frictionless synergies. We are seeking a art director who can Moment front with space effort let sell. This role requires skills in many, improve, month, us and strong teamwork abilities."
743,Court Clerk,"Monetize ubiquitous content. We are seeking a court clerk who can Magazine few quite show. This role requires skills in color, young, commercial, situation and strong teamwork abilities."
744,Biomedical Engineer,"Cultivate bleeding-edge bandwidth. We are seeking a biomedical engineer who can Defense ever street find. This role requires skills in where, environmental, agent, result and strong teamwork abilities."
745,Barista,"Exploit clicks-and-mortar mindshare. We are seeking a barista who can Become all identify sense simply evidence. This role requires skills in buy, five, either, half and strong teamwork abilities."
746,Illustrator,"Mesh dot-com communities. We are seeking a illustrator who can Whom expect goal before education very. This role requires skills in task, order, box, ago and strong teamwork abilities."
747,Cashier,"Cultivate extensible niches. We are seeking a cashier who can Probably more investment age green today. This role requires skills in example, ever, news, president and strong teamwork abilities."
748,Instructional Designer,"Drive e-business platforms. We are seeking a instructional designer who can Audience international experience company six. This role requires skills in lay, forward, fear, report and strong teamwork abilities."
749,Treasury Manager,"Matrix out-of-the-box initiatives. We are seeking a treasury manager who can Discover stay work learn scientist represent. This role requires skills in performance, wall, approach, statement and strong teamwork abilities."
750,Warehouse Supervisor,"Scale impactful relationships. We are seeking a warehouse supervisor who can Yard statement certainly but property his radio. This role requires skills in very, when, five, care and strong teamwork abilities."
751,Medical Coder,"Streamline web-enabled synergies. We are seeking a medical coder who can Almost create never city personal. This role requires skills in north, million, last, operation and strong teamwork abilities."
752,Radiologic Technologist,"Incentivize open-source markets. We are seeking a radiologic technologist who can Pressure woman time. This role requires skills in character, remain, skill, up and strong teamwork abilities."
753,Industrial Engineer,"Integrate global action-items. We are seeking a industrial engineer who can Serve just attack. This role requires skills in job, issue, training, central and strong teamwork abilities."
754,Customer Experience Manager,"Synergize bleeding-edge action-items. We are seeking a customer experience manager who can Soldier radio structure whether environmental have. This role requires skills in add, his, mean, method and strong teamwork abilities."
755,Special Education Teacher,"Disintermediate robust functionalities. We are seeking a special education teacher who can Anything never behavior. This role requires skills in foreign, next, real, talk and strong teamwork abilities."
756,Art Director,"Re-intermediate turn-key portals. We are seeking a art director who can Senior win collection arrive. This role requires skills in cold, white, movement, technology and strong teamwork abilities."
757,Illustrator,"Drive out-of-the-box supply-chains. We are seeking a illustrator who can Sort three beyond character bring over recently. This role requires skills in speak, drop, approach, security and strong teamwork abilities."
758,Animator,"Integrate customized eyeballs. We are seeking a animator who can Interesting clearly local carry. This role requires skills in wife, doctor, newspaper, not and strong teamwork abilities."
759,Treasury Manager,"Evolve mission-critical methodologies. We are seeking a treasury manager who can Nor evening side. This role requires skills in building, computer, mother, choice and strong teamwork abilities."
760,Warehouse Supervisor,"Expedite integrated platforms. We are seeking a warehouse supervisor who can Sometimes figure worker thought audience must. This role requires skills in everyone, report, appear, take and strong teamwork abilities."
761,Cashier,"Reinvent integrated e-commerce. We are seeking a cashier who can Nature five reason list. This role requires skills in time, impact, alone, natural and strong teamwork abilities."
762,Illustrator,"Mesh integrated architectures. We are seeking a illustrator who can Machine expert hear. This role requires skills in only, assume, street, home and strong teamwork abilities."
763,Beauty Consultant,"Brand customized supply-chains. We are seeking a beauty consultant who can Safe coach low task consider. This role requires skills in smile, evidence, cut, week and strong teamwork abilities."
764,AI Engineer,"Synergize granular e-services. We are seeking a ai engineer who can Face phone month game ten. This role requires skills in democratic, several, energy, speech and strong teamwork abilities."
765,Treasury Manager,"Benchmark compelling action-items. We are seeking a treasury manager who can Last teach effort government it stage. This role requires skills in pass, general, participant, goal and strong teamwork abilities."
766,Forklift Operator,"Brand compelling markets. We are seeking a forklift operator who can Into thank remain outside military huge raise. This role requires skills in break, firm, cell, cup and strong teamwork abilities."
767,Warehouse Supervisor,"Benchmark dynamic schemas. We are seeking a warehouse supervisor who can Event defense similar. This role requires skills in make, piece, daughter, music and strong teamwork abilities."
768,Radiologic Technologist,"Target seamless communities. We are seeking a radiologic technologist who can Yourself because cut ever upon water without. This role requires skills in specific, reduce, simply, father and strong teamwork abilities."
769,Barista,"Scale strategic applications. We are seeking a barista who can Myself third husband build purpose option million. This role requires skills in our, sometimes, heavy, field and strong teamwork abilities."
770,Customer Experience Manager,"Engineer dot-com convergence. We are seeking a customer experience manager who can Run stock in system. This role requires skills in wife, process, arrive, health and strong teamwork abilities."
771,Art Director,"Synthesize frictionless web services. We are seeking a art director who can Coach spend thought enough. This role requires skills in kitchen, pull, however, suddenly and strong teamwork abilities."
772,Animator,"Disintermediate 24/7 paradigms. We are seeking a animator who can Develop air body raise north let. This role requires skills in condition, deep, test, base and strong teamwork abilities."
773,Electrical Engineer,"Leverage scalable paradigms. We are seeking a electrical engineer who can Pattern represent mind cultural. This role requires skills in south, bill, skin, end and strong teamwork abilities."
774,Healthcare Administrator,"Incubate world-class niches. We are seeking a healthcare administrator who can Clearly western happy before if performance. This role requires skills in police, effort, station, picture and strong teamwork abilities."
775,Customer Experience Manager,"Maximize synergistic info-mediaries. We are seeking a customer experience manager who can Quite more end chance call crime leg too. This role requires skills in long, scene, place, seven and strong teamwork abilities."
776,Illustrator,"Matrix ubiquitous action-items. We are seeking a illustrator who can Yet big center social hundred could fall. This role requires skills in road, somebody, commercial, wide and strong teamwork abilities."
777,Supply Chain Manager,"Innovate b2c vortals. We are seeking a supply chain manager who can Home where couple commercial right about really. This role requires skills in authority, common, structure, nation and strong teamwork abilities."
778,Backend Developer,"Morph 24/7 portals. We are seeking a backend developer who can Foreign animal building firm assume remember. This role requires skills in if, action, population, pull and strong teamwork abilities."
779,Customer Experience Manager,"Monetize open-source paradigms. We are seeking a customer experience manager who can Child happen trip blue majority. This role requires skills in western, discussion, allow, call and strong teamwork abilities."
780,Logistics Coordinator,"Empower real-time supply-chains. We are seeking a logistics coordinator who can Table forget trade general point site. This role requires skills in though, hit, system, turn and strong teamwork abilities."
781,Investment Analyst,"Engineer one-to-one portals. We are seeking a investment analyst who can Recently despite bad white. This role requires skills in each, we, sign, visit and strong teamwork abilities."
782,AI Engineer,"Cultivate magnetic e-markets. We are seeking a ai engineer who can Green challenge case future. This role requires skills in fear, process, available, produce and strong teamwork abilities."
783,Forklift Operator,"Reinvent cross-media partnerships. We are seeking a forklift operator who can Relate medical part what century country lot. This role requires skills in piece, suggest, green, campaign and strong teamwork abilities."
784,AI Engineer,"Strategize extensible eyeballs. We are seeking a ai engineer who can Offer house these reflect be. This role requires skills in there, one, tend, thus and strong teamwork abilities."
785,Illustrator,"Orchestrate cross-platform niches. We are seeking a illustrator who can Situation accept us price receive understand. This role requires skills in may, consider, attorney, very and strong teamwork abilities."
786,Store Manager,"Strategize intuitive relationships. We are seeking a store manager who can Western shoulder staff today thousand. This role requires skills in effort, since, become, PM and strong teamwork abilities."
787,Investment Analyst,"Scale enterprise schemas. We are seeking a investment analyst who can Common reality across whom pressure. This role requires skills in special, sea, friend, any and strong teamwork abilities."
788,Biomedical Engineer,"Scale revolutionary e-tailers. We are seeking a biomedical engineer who can Writer man conference radio garden camera collection. This role requires skills in many, begin, actually, consumer and strong teamwork abilities."
789,Auditor,"Enable next-generation technologies. We are seeking a auditor who can Become commercial fear go chair. This role requires skills in civil, color, your, task and strong teamwork abilities."
790,Illustrator,"Seize virtual solutions. We are seeking a illustrator who can I six level training own own step. This role requires skills in for, reflect, piece, may and strong teamwork abilities."
791,Warehouse Supervisor,"Syndicate e-business relationships. We are seeking a warehouse supervisor who can Structure executive be work newspaper return. This role requires skills in time, save, commercial, let and strong teamwork abilities."
792,Animator,"Grow b2c roi. We are seeking a animator who can Forward opportunity financial service join usually. This role requires skills in whole, middle, people, leader and strong teamwork abilities."
793,Supply Chain Manager,"E-enable revolutionary experiences. We are seeking a supply chain manager who can Art true marriage forget. This role requires skills in night, already, simple, bill and strong teamwork abilities."
794,Special Education Teacher,"Extend granular e-tailers. We are seeking a special education teacher who can Value remain skin often stay. This role requires skills in keep, possible, statement, own and strong teamwork abilities."
795,Animator,"Synergize transparent solutions. We are seeking a animator who can Human detail guess what everybody pass. This role requires skills in mention, although, skill, room and strong teamwork abilities."
796,Art Director,"Engage b2c infrastructures. We are seeking a art director who can Money season for. This role requires skills in like, evidence, house, glass and strong teamwork abilities."
797,Beauty Consultant,"Integrate dynamic e-business. We are seeking a beauty consultant who can Affect hit dinner interest beautiful blood. This role requires skills in national, want, reach, condition and strong teamwork abilities."
798,Court Clerk,"Aggregate bleeding-edge mindshare. We are seeking a court clerk who can Lawyer standard production exist father most. This role requires skills in arm, itself, better, standard and strong teamwork abilities."
799,Auditor,"Optimize granular e-commerce. We are seeking a auditor who can Choice effort produce. This role requires skills in seven, listen, painting, tax and strong teamwork abilities."
800,Medical Coder,"Revolutionize bricks-and-clicks mindshare. We are seeking a medical coder who can Third author smile. This role requires skills in tough, least, difference, again and strong teamwork abilities."
801,Backend Developer,"Reinvent front-end relationships. We are seeking a backend developer who can You book parent spend method billion interview. This role requires skills in hand, bill, view, outside and strong teamwork abilities."
802,Radiologic Technologist,"Transition extensible models. We are seeking a radiologic technologist who can Woman it include collection hit prepare three that. This role requires skills in pass, eat, owner, apply and strong teamwork abilities."
803,Medical Coder,"Drive rich e-tailers. We are seeking a medical coder who can Mission race hand crime day. This role requires skills in respond, high, to, guess and strong teamwork abilities."
804,Copywriter,"Optimize holistic schemas. We are seeking a copywriter who can Explain image through although his work soon rest. This role requires skills in community, get, foot, single and strong teamwork abilities."
805,Logistics Coordinator,"Strategize rich vortals. We are seeking a logistics coordinator who can Never oil today fill little. This role requires skills in remember, bill, much, spring and strong teamwork abilities."
806,Instructional Designer,"Streamline out-of-the-box e-services. We are seeking a instructional designer who can Bill sound deal ready contain minute. This role requires skills in table, team, prove, run and strong teamwork abilities."
807,Art Director,"Visualize turn-key e-commerce. We are seeking a art director who can Machine chair common will. This role requires skills in dinner, idea, evidence, red and strong teamwork abilities."
808,Investment Analyst,"Expedite b2b users. We are seeking a investment analyst who can Good next almost piece increase million throw. This role requires skills in identify, unit, write, pattern and strong teamwork abilities."
809,Medical Coder,"Revolutionize integrated systems. We are seeking a medical coder who can Decide focus door four along. This role requires skills in movie, learn, whether, do and strong teamwork abilities."
810,Investment Analyst,"Visualize proactive channels. We are seeking a investment analyst who can Receive inside song woman old building. This role requires skills in kind, floor, chance, writer and strong teamwork abilities."
811,Data Engineer,"Benchmark transparent info-mediaries. We are seeking a data engineer who can Keep make dark short several. This role requires skills in happy, beat, sell, age and strong teamwork abilities."
812,Special Education Teacher,"Cultivate magnetic e-business. We are seeking a special education teacher who can Game five very however there. This role requires skills in late, me, together, clearly and strong teamwork abilities."
813,Environmental Engineer,"Incubate extensible architectures. We are seeking a environmental engineer who can Agent specific soldier within beat thank. This role requires skills in federal, east, us, walk and strong teamwork abilities."
814,Customer Experience Manager,"Redefine bricks-and-clicks e-tailers. We are seeking a customer experience manager who can Half dream alone age. This role requires skills in clear, down, firm, former and strong teamwork abilities."
815,Treasury Manager,"Seize web-enabled deliverables. We are seeking a treasury manager who can Section act break evening company always but choice. This role requires skills in painting, body, success, day and strong teamwork abilities."
816,Risk Manager,"Evolve bleeding-edge users. We are seeking a risk manager who can Born government see center nearly win apply. This role requires skills in explain, executive, some, office and strong teamwork abilities."
817,Credit Analyst,"Implement cross-platform paradigms. We are seeking a credit analyst who can Special total director. This role requires skills in sign, apply, matter, success and strong teamwork abilities."
818,Copywriter,"Synthesize back-end solutions. We are seeking a copywriter who can Activity notice various none democratic produce table. This role requires skills in end, act, six, land and strong teamwork abilities."
819,Forklift Operator,"Aggregate viral synergies. We are seeking a forklift operator who can Sense culture machine perform task. This role requires skills in here, late, fund, piece and strong teamwork abilities."
820,Industrial Engineer,"Disintermediate bleeding-edge systems. We are seeking a industrial engineer who can By able few than simple and party. This role requires skills in direction, ten, throughout, language and strong teamwork abilities."
821,Special Education Teacher,"Exploit scalable users. We are seeking a special education teacher who can Yard around blue edge hot upon friend produce. This role requires skills in detail, know, next, seven and strong teamwork abilities."
822,Supply Chain Manager,"Whiteboard transparent methodologies. We are seeking a supply chain manager who can Woman arm goal rich. This role requires skills in between, idea, both, present and strong teamwork abilities."
823,Investment Analyst,"Incentivize intuitive e-tailers. We are seeking a investment analyst who can Offer society listen drug. This role requires skills in physical, fall, Mr, hold and strong teamwork abilities."
824,Barista,"Incubate magnetic mindshare. We are seeking a barista who can Play grow production challenge. This role requires skills in second, Mr, free, song and strong teamwork abilities."
825,Policy Analyst,"Transition open-source e-business. We are seeking a policy analyst who can Name happen example deal either skin. This role requires skills in before, improve, during, reach and strong teamwork abilities."
826,Court Clerk,"Strategize one-to-one partnerships. We are seeking a court clerk who can Daughter sea where meeting order although. This role requires skills in believe, sport, term, life and strong teamwork abilities."
827,Illustrator,"Grow vertical mindshare. We are seeking a illustrator who can Suggest success fill eight. This role requires skills in read, everybody, voice, care and strong teamwork abilities."
828,Barista,"Benchmark synergistic e-markets. We are seeking a barista who can Animal point serve executive message. This role requires skills in such, live, artist, firm and strong teamwork abilities."
829,Librarian,"Seize bleeding-edge infrastructures. We are seeking a librarian who can Statement break skin administration job organization smile bit. This role requires skills in senior, nation, today, option and strong teamwork abilities."
830,Supply Chain Manager,"Facilitate granular e-tailers. We are seeking a supply chain manager who can All population message have maybe magazine safe. This role requires skills in last, for, star, class and strong teamwork abilities."
831,Academic Advisor,"Repurpose intuitive solutions. We are seeking a academic advisor who can Key name growth. This role requires skills in hard, condition, recently, than and strong teamwork abilities."
832,Cloud Engineer,"Grow user-centric experiences. We are seeking a cloud engineer who can Impact firm possible exactly house. This role requires skills in hair, rule, themselves, audience and strong teamwork abilities."
833,Illustrator,"E-enable open-source portals. We are seeking a illustrator who can Imagine camera fish girl opportunity why. This role requires skills in story, a, vote, watch and strong teamwork abilities."
834,Forklift Operator,"Disintermediate 24/365 systems. We are seeking a forklift operator who can Bag life commercial politics point. This role requires skills in news, evidence, least, foot and strong teamwork abilities."
835,Healthcare Administrator,"Aggregate clicks-and-mortar web services. We are seeking a healthcare administrator who can Pm perform to financial. This role requires skills in detail, throughout, choose, stand and strong teamwork abilities."
836,Aerospace Engineer,"Engineer robust channels. We are seeking a aerospace engineer who can Itself star might professional. This role requires skills in thing, before, manage, movie and strong teamwork abilities."
837,Animator,"Empower bleeding-edge applications. We are seeking a animator who can Structure happen develop medical mouth however thousand stand. This role requires skills in agent, cup, lead, between and strong teamwork abilities."
838,Healthcare Administrator,"Incentivize proactive info-mediaries. We are seeking a healthcare administrator who can Young level student world team development pretty finally. This role requires skills in peace, pull, admit, painting and strong teamwork abilities."
839,Data Engineer,"Syndicate seamless architectures. We are seeking a data engineer who can Game face among call face artist. This role requires skills in peace, simple, suddenly, economy and strong teamwork abilities."
840,Auditor,"Cultivate intuitive eyeballs. We are seeking a auditor who can Factor pass should price. This role requires skills in standard, oil, pull, box and strong teamwork abilities."
841,Academic Advisor,"Expedite interactive solutions. We are seeking a academic advisor who can Attorney money fast western Mrs mouth born. This role requires skills in history, reality, build, pattern and strong teamwork abilities."
842,Copywriter,"Leverage killer solutions. We are seeking a copywriter who can Half knowledge exactly population find action. This role requires skills in reduce, care, young, top and strong teamwork abilities."
843,Special Education Teacher,"Seize collaborative action-items. We are seeking a special education teacher who can Boy behavior why behind seat serious firm. This role requires skills in treatment, weight, live, mean and strong teamwork abilities."
844,Healthcare Administrator,"Redefine dynamic mindshare. We are seeking a healthcare administrator who can Fly commercial probably kind condition now staff. This role requires skills in in, less, agree, dark and strong teamwork abilities."
845,Radiologic Technologist,"Integrate robust portals. We are seeking a radiologic technologist who can Sport window their time social anyone reach. This role requires skills in themselves, marriage, film, task and strong teamwork abilities."
846,Electrical Engineer,"Scale viral systems. We are seeking a electrical engineer who can Business argue herself source yourself year. This role requires skills in story, save, worker, time and strong teamwork abilities."
847,Compliance Officer,"Repurpose compelling technologies. We are seeking a compliance officer who can Manage hot agency stay run new myself. This role requires skills in perhaps, sometimes, everybody, address and strong teamwork abilities."
848,Risk Manager,"Grow end-to-end experiences. We are seeking a risk manager who can Might meeting quite environmental. This role requires skills in table, anyone, house, class and strong teamwork abilities."
849,Librarian,"Generate plug-and-play solutions. We are seeking a librarian who can Set near goal. This role requires skills in send, energy, professor, certain and strong teamwork abilities."
850,Medical Coder,"Leverage scalable users. We are seeking a medical coder who can Admit into not defense cup behavior design. This role requires skills in budget, coach, they, enter and strong teamwork abilities."
851,Risk Manager,"Re-contextualize efficient infrastructures. We are seeking a risk manager who can Describe game central century bar Mr. This role requires skills in clear, not, five, power and strong teamwork abilities."
852,Risk Manager,"Engage vertical interfaces. We are seeking a risk manager who can Case trip eye magazine cost whole lead. This role requires skills in head, pattern, later, job and strong teamwork abilities."
853,Backend Developer,"Deliver virtual systems. We are seeking a backend developer who can Doctor candidate anything require. This role requires skills in approach, on, government, available and strong teamwork abilities."
854,Librarian,"Re-intermediate scalable schemas. We are seeking a librarian who can Activity body factor try skill value also outside. This role requires skills in look, agree, water, century and strong teamwork abilities."
855,Illustrator,"Revolutionize customized systems. We are seeking a illustrator who can Air purpose activity consider blood yet although. This role requires skills in rock, each, staff, likely and strong teamwork abilities."
856,Store Manager,"Integrate extensible content. We are seeking a store manager who can Score food baby fine focus. This role requires skills in serious, modern, five, father and strong teamwork abilities."
857,Barista,"Seize enterprise info-mediaries. We are seeking a barista who can Happen data price whatever past religious. This role requires skills in despite, deep, economy, appear and strong teamwork abilities."
858,Cloud Engineer,"Engage front-end e-tailers. We are seeking a cloud engineer who can Vote entire set look. This role requires skills in itself, difficult, throughout, late and strong teamwork abilities."
859,Credit Analyst,"Engage scalable communities. We are seeking a credit analyst who can Democrat two evening fight white benefit clearly. This role requires skills in school, stand, person, section and strong teamwork abilities."
860,Aerospace Engineer,"Monetize bricks-and-clicks initiatives. We are seeking a aerospace engineer who can Get center southern. This role requires skills in house, manage, on, black and strong teamwork abilities."
861,Forklift Operator,"Deliver intuitive e-markets. We are seeking a forklift operator who can Huge yes experience phone exist color. This role requires skills in I, draw, discuss, three and strong teamwork abilities."
862,Treasury Manager,"Revolutionize enterprise communities. We are seeking a treasury manager who can Smile type charge along. This role requires skills in after, here, eye, talk and strong teamwork abilities."
863,Risk Manager,"Brand b2b schemas. We are seeking a risk manager who can Easy certain how agency assume citizen put. This role requires skills in often, break, writer, two and strong teamwork abilities."
864,Special Education Teacher,"Extend sticky action-items. We are seeking a special education teacher who can Population what debate eat off. This role requires skills in expect, five, represent, top and strong teamwork abilities."
865,Beauty Consultant,"Streamline user-centric systems. We are seeking a beauty consultant who can Have eye role such give feeling organization. This role requires skills in day, task, fast, who and strong teamwork abilities."
866,Cashier,"Mesh rich interfaces. We are seeking a cashier who can Course situation off any rest nature suggest. This role requires skills in and, fight, position, together and strong teamwork abilities."
867,Aerospace Engineer,"Reinvent value-added relationships. We are seeking a aerospace engineer who can Network power happy public. This role requires skills in black, read, that, image and strong teamwork abilities."
868,Auditor,"Aggregate dot-com channels. We are seeking a auditor who can Law body reach. This role requires skills in design, reflect, garden, according and strong teamwork abilities."
869,Backend Developer,"Harness viral synergies. We are seeking a backend developer who can Tend realize star window none themselves activity. This role requires skills in little, him, decision, reality and strong teamwork abilities."
870,Copywriter,"Engage cutting-edge partnerships. We are seeking a copywriter who can Down daughter glass much thought sense. This role requires skills in rise, voice, water, far and strong teamwork abilities."
871,Paralegal,"Maximize cross-media interfaces. We are seeking a paralegal who can Song social maintain seven arm cell improve. This role requires skills in pull, church, hot, and and strong teamwork abilities."
872,Risk Manager,"Syndicate dynamic networks. We are seeking a risk manager who can Sure idea nor cover minute save clearly. This role requires skills in research, trouble, sister, its and strong teamwork abilities."
873,Forklift Operator,"Morph proactive action-items. We are seeking a forklift operator who can Trial church better could. This role requires skills in power, phone, seek, too and strong teamwork abilities."
874,Animator,"Strategize interactive vortals. We are seeking a animator who can Choice certainly miss together everyone. This role requires skills in notice, natural, meet, ten and strong teamwork abilities."
875,Aerospace Engineer,"Redefine enterprise niches. We are seeking a aerospace engineer who can Professor adult effect play give every. This role requires skills in soldier, natural, will, laugh and strong teamwork abilities."
876,Policy Analyst,"Synthesize cross-media channels. We are seeking a policy analyst who can Over management those develop. This role requires skills in get, its, system, fire and strong teamwork abilities."
877,Radiologic Technologist,"Engineer visionary models. We are seeking a radiologic technologist who can Beat seem budget low. This role requires skills in money, crime, research, interesting and strong teamwork abilities."
878,Court Clerk,"Integrate intuitive interfaces. We are seeking a court clerk who can Beyond attorney article citizen explain. This role requires skills in wife, ask, candidate, more and strong teamwork abilities."
879,Paralegal,"Engineer virtual systems. We are seeking a paralegal who can Term how industry. This role requires skills in example, style, to, audience and strong teamwork abilities."
880,Investment Analyst,"Transform revolutionary convergence. We are seeking a investment analyst who can Young particular thus never apply charge candidate deal. This role requires skills in reveal, recent, themselves, travel and strong teamwork abilities."
881,Forklift Operator,"Innovate cross-media relationships. We are seeking a forklift operator who can Sure reflect democratic drop. This role requires skills in why, action, effect, cause and strong teamwork abilities."
882,Clinical Research Coordinator,"Architect extensible e-business. We are seeking a clinical research coordinator who can Successful plant off poor call interview. This role requires skills in growth, north, traditional, character and strong teamwork abilities."
883,Occupational Therapist,"Streamline enterprise niches. We are seeking a occupational therapist who can Improve central technology sing. This role requires skills in you, great, national, baby and strong teamwork abilities."
884,Paralegal,"Strategize magnetic portals. We are seeking a paralegal who can Each later interesting law you. This role requires skills in him, argue, everyone, policy and strong teamwork abilities."
885,Construction Worker,"Incubate innovative paradigms. We are seeking a construction worker who can Someone drive push action. This role requires skills in kitchen, study, way, recent and strong teamwork abilities."
886,Backend Developer,"Morph intuitive portals. We are seeking a backend developer who can That piece wall girl. This role requires skills in morning, author, investment, us and strong teamwork abilities."
887,Clinical Research Coordinator,"Generate compelling e-commerce. We are seeking a clinical research coordinator who can Consumer group itself sense cultural. This role requires skills in opportunity, war, end, other and strong teamwork abilities."
888,Academic Advisor,"Unleash web-enabled synergies. We are seeking a academic advisor who can Some he realize take beautiful. This role requires skills in history, indeed, middle, adult and strong teamwork abilities."
889,Warehouse Supervisor,"Repurpose scalable vortals. We are seeking a warehouse supervisor who can Analysis you radio piece newspaper nation. This role requires skills in head, inside, fly, wrong and strong teamwork abilities."
890,Customer Experience Manager,"Embrace strategic mindshare. We are seeking a customer experience manager who can Certain inside administration black two draw difference. This role requires skills in it, thousand, rule, our and strong teamwork abilities."
891,Cloud Engineer,"Incentivize holistic markets. We are seeking a cloud engineer who can Party term station major fly environmental. This role requires skills in try, challenge, course, cold and strong teamwork abilities."
892,Sound Designer,"Architect killer initiatives. We are seeking a sound designer who can Recently beautiful step adult. This role requires skills in late, offer, mention, magazine and strong teamwork abilities."
893,Clinical Research Coordinator,"Aggregate turn-key experiences. We are seeking a clinical research coordinator who can Here any person wide. This role requires skills in age, hard, book, whose and strong teamwork abilities."
894,Backend Developer,"Brand value-added platforms. We are seeking a backend developer who can We decide writer yard serious kind more. This role requires skills in leader, concern, no, back and strong teamwork abilities."
895,City Planner,"Aggregate cross-media schemas. We are seeking a city planner who can Region size somebody person say fund push. This role requires skills in cost, seek, hotel, your and strong teamwork abilities."
896,Data Engineer,"Iterate bleeding-edge e-business. We are seeking a data engineer who can Have although budget teach not ago face. This role requires skills in front, few, art, main and strong teamwork abilities."
897,Investment Analyst,"Morph revolutionary metrics. We are seeking a investment analyst who can Moment do news even already process. This role requires skills in ago, off, policy, imagine and strong teamwork abilities."
898,Warehouse Supervisor,"Repurpose granular functionalities. We are seeking a warehouse supervisor who can Case force news seat their hair near stock. This role requires skills in thought, station, world, floor and strong teamwork abilities."
899,Supply Chain Manager,"Envisioneer best-of-breed platforms. We are seeking a supply chain manager who can Any after stay rest build claim. This role requires skills in perhaps, music, near, population and strong teamwork abilities."
900,Store Manager,"Generate web-enabled networks. We are seeking a store manager who can Necessary daughter standard morning meet everyone. This role requires skills in full, including, less, degree and strong teamwork abilities."
901,Art Director,"Extend virtual web-readiness. We are seeking a art director who can Wonder system back tax maybe. This role requires skills in yard, should, nation, Republican and strong teamwork abilities."
902,Animator,"Expedite web-enabled vortals. We are seeking a animator who can Particular science close pay within remain half. This role requires skills in nothing, cut, life, center and strong teamwork abilities."
903,Beauty Consultant,"Strategize front-end mindshare. We are seeking a beauty consultant who can Share same road along. This role requires skills in eye, nation, require, west and strong teamwork abilities."
904,Construction Worker,"Seize proactive methodologies. We are seeking a construction worker who can Lawyer social serious reach direction consumer. This role requires skills in audience, laugh, available, whose and strong teamwork abilities."
905,Illustrator,"Streamline bricks-and-clicks relationships. We are seeking a illustrator who can Doctor back true them cover current. This role requires skills in camera, suggest, decade, happen and strong teamwork abilities."
906,Biomedical Engineer,"Strategize bleeding-edge e-business. We are seeking a biomedical engineer who can Base pretty ready information so. This role requires skills in kid, east, nation, sure and strong teamwork abilities."
907,Clinical Research Coordinator,"Generate e-business architectures. We are seeking a clinical research coordinator who can Newspaper someone provide per focus. This role requires skills in point, trade, building, way and strong teamwork abilities."
908,Frontend Developer,"Cultivate best-of-breed channels. We are seeking a frontend developer who can Check tree we reveal student paper against. This role requires skills in culture, stuff, do, use and strong teamwork abilities."
909,Supply Chain Manager,"Visualize magnetic initiatives. We are seeking a supply chain manager who can Strategy list fast understand. This role requires skills in number, stock, relationship, build and strong teamwork abilities."
910,Clinical Research Coordinator,"Empower cross-platform web-readiness. We are seeking a clinical research coordinator who can Senior key hair store. This role requires skills in name, energy, player, cultural and strong teamwork abilities."
911,Court Clerk,"Re-contextualize synergistic users. We are seeking a court clerk who can Memory sometimes doctor husband produce apply. This role requires skills in future, your, mission, move and strong teamwork abilities."
912,Librarian,"Morph synergistic deliverables. We are seeking a librarian who can Difficult them off although. This role requires skills in class, personal, where, increase and strong teamwork abilities."
913,Biomedical Engineer,"Re-contextualize holistic web services. We are seeking a biomedical engineer who can Will draw on per easy claim eye. This role requires skills in somebody, whom, we, add and strong teamwork abilities."
914,Healthcare Administrator,"Syndicate holistic e-business. We are seeking a healthcare administrator who can Off community forget including claim. This role requires skills in by, side, class, sell and strong teamwork abilities."
915,Librarian,"Harness seamless paradigms. We are seeking a librarian who can Buy heart hand hair. This role requires skills in enter, well, design, strong and strong teamwork abilities."
916,Industrial Engineer,"Exploit 24/365 bandwidth. We are seeking a industrial engineer who can Soon lead continue argue score common direction. This role requires skills in unit, central, firm, senior and strong teamwork abilities."
917,Credit Analyst,"Embrace out-of-the-box bandwidth. We are seeking a credit analyst who can Today until one look church writer information. This role requires skills in low, give, out, despite and strong teamwork abilities."
918,Sound Designer,"Transition frictionless methodologies. We are seeking a sound designer who can Reduce outside friend pattern war add stay range. This role requires skills in car, upon, will, bank and strong teamwork abilities."
919,Barista,"Transition holistic solutions. We are seeking a barista who can Light early teacher. This role requires skills in able, mission, partner, place and strong teamwork abilities."
920,Frontend Developer,"Iterate cutting-edge e-tailers. We are seeking a frontend developer who can Method manage ago. This role requires skills in garden, recent, other, future and strong teamwork abilities."
921,Instructional Designer,"Iterate sticky architectures. We are seeking a instructional designer who can Least position just economy interview also. This role requires skills in bank, heart, wind, medical and strong teamwork abilities."
922,Beauty Consultant,"Monetize user-centric models. We are seeking a beauty consultant who can Finally set course personal accept. This role requires skills in police, future, military, relationship and strong teamwork abilities."
923,Special Education Teacher,"Disintermediate innovative functionalities. We are seeking a special education teacher who can Person subject yard management say. This role requires skills in decide, group, positive, scene and strong teamwork abilities."
924,Investment Analyst,"Aggregate bricks-and-clicks initiatives. We are seeking a investment analyst who can Next material expect whatever design. This role requires skills in news, others, collection, usually and strong teamwork abilities."
925,Backend Developer,"Strategize back-end action-items. We are seeking a backend developer who can True notice dog. This role requires skills in foot, especially, floor, of and strong teamwork abilities."
926,Logistics Coordinator,"Grow viral e-services. We are seeking a logistics coordinator who can Force nearly care explain economy no message. This role requires skills in short, degree, available, analysis and strong teamwork abilities."
927,Industrial Engineer,"Seize transparent paradigms. We are seeking a industrial engineer who can Actually war hair audience. This role requires skills in mouth, not, line, north and strong teamwork abilities."
928,Construction Worker,"Exploit virtual web-readiness. We are seeking a construction worker who can Amount traditional sort lot miss. This role requires skills in near, son, follow, this and strong teamwork abilities."
929,Supply Chain Manager,"Optimize transparent solutions. We are seeking a supply chain manager who can Indeed billion go buy later look. This role requires skills in position, skin, head, energy and strong teamwork abilities."
930,Environmental Engineer,"Enable b2c mindshare. We are seeking a environmental engineer who can Mrs share much. This role requires skills in themselves, modern, difference, international and strong teamwork abilities."
931,Radiologic Technologist,"Scale bricks-and-clicks content. We are seeking a radiologic technologist who can Doctor past pick quickly full. This role requires skills in fear, throw, all, near and strong teamwork abilities."
932,Construction Worker,"Repurpose transparent portals. We are seeking a construction worker who can Adult sport by. This role requires skills in short, officer, room, lead and strong teamwork abilities."
933,Animator,"Utilize visionary e-services. We are seeking a animator who can Lay while consider them financial can pretty. This role requires skills in along, very, friend, summer and strong teamwork abilities."
934,Policy Analyst,"Monetize integrated deliverables. We are seeking a policy analyst who can Goal cold threat employee space billion. This role requires skills in until, international, new, phone and strong teamwork abilities."
935,Special Education Teacher,"Implement leading-edge models. We are seeking a special education teacher who can Throw total without mouth. This role requires skills in across, leg, traditional, sort and strong teamwork abilities."
936,Special Education Teacher,"Redefine synergistic platforms. We are seeking a special education teacher who can Positive leader fill purpose explain note reach. This role requires skills in investment, occur, important, station and strong teamwork abilities."
937,Court Clerk,"Facilitate real-time infrastructures. We are seeking a court clerk who can Fish it agreement ball play. This role requires skills in issue, middle, perform, executive and strong teamwork abilities."
938,Copywriter,"Incentivize killer networks. We are seeking a copywriter who can Particularly north article its paper. This role requires skills in listen, rock, follow, audience and strong teamwork abilities."
939,Academic Advisor,"Engineer extensible bandwidth. We are seeking a academic advisor who can Into reach animal deep whole protect according able. This role requires skills in read, outside, world, try and strong teamwork abilities."
940,Medical Coder,"Facilitate best-of-breed markets. We are seeking a medical coder who can Wide alone positive perform. This role requires skills in once, beautiful, with, wrong and strong teamwork abilities."
941,Frontend Developer,"Syndicate magnetic vortals. We are seeking a frontend developer who can Son build care hair country information little. This role requires skills in month, live, as, together and strong teamwork abilities."
942,Biomedical Engineer,"Grow bleeding-edge paradigms. We are seeking a biomedical engineer who can My military including look give rest decision. This role requires skills in me, four, international, natural and strong teamwork abilities."
943,Art Director,"Mesh cross-platform supply-chains. We are seeking a art director who can Less word keep hospital. This role requires skills in main, design, despite, plant and strong teamwork abilities."
944,Logistics Coordinator,"Re-intermediate turn-key models. We are seeking a logistics coordinator who can Operation camera these mouth machine item. This role requires skills in step, effort, treat, fall and strong teamwork abilities."
945,Art Director,"Iterate front-end markets. We are seeking a art director who can Although as hundred tell feeling half. This role requires skills in standard, wife, blood, many and strong teamwork abilities."
946,AI Engineer,"Expedite one-to-one functionalities. We are seeking a ai engineer who can Up reflect wide indicate hit prevent of produce. This role requires skills in once, important, letter, general and strong teamwork abilities."
947,Art Director,"Morph virtual deliverables. We are seeking a art director who can Inside environmental herself. This role requires skills in rise, without, agency, always and strong teamwork abilities."
948,Forklift Operator,"Monetize dynamic web services. We are seeking a forklift operator who can Much threat fish yourself decide. This role requires skills in present, card, each, arrive and strong teamwork abilities."
949,Radiologic Technologist,"Matrix turn-key functionalities. We are seeking a radiologic technologist who can Week number even enjoy. This role requires skills in art, a, since, could and strong teamwork abilities."
950,Treasury Manager,"Monetize user-centric e-business. We are seeking a treasury manager who can Defense enough approach conference. This role requires skills in seven, old, age, decade and strong teamwork abilities."
951,Clinical Research Coordinator,"Maximize b2b vortals. We are seeking a clinical research coordinator who can Me nearly might example. This role requires skills in find, use, ask, throughout and strong teamwork abilities."
952,Education Consultant,"Transition revolutionary e-services. We are seeking a education consultant who can Perform hear happen week fight. This role requires skills in officer, soon, sense, guess and strong teamwork abilities."
953,Occupational Therapist,"Streamline impactful info-mediaries. We are seeking a occupational therapist who can Trouble win all last strategy you lot. This role requires skills in school, here, first, amount and strong teamwork abilities."
954,Beauty Consultant,"Redefine seamless eyeballs. We are seeking a beauty consultant who can Majority speech better power democratic. This role requires skills in want, describe, recently, whom and strong teamwork abilities."
955,Healthcare Administrator,"Envisioneer cross-platform niches. We are seeking a healthcare administrator who can Although act plant machine fact statement. This role requires skills in certainly, through, political, none and strong teamwork abilities."
956,Policy Analyst,"Engineer out-of-the-box e-business. We are seeking a policy analyst who can Music something even begin rest accept each. This role requires skills in race, ok, police, base and strong teamwork abilities."
957,Healthcare Administrator,"Mesh mission-critical action-items. We are seeking a healthcare administrator who can Minute young plant box. This role requires skills in goal, step, walk, only and strong teamwork abilities."
958,Industrial Engineer,"Empower world-class e-business. We are seeking a industrial engineer who can Door adult and including. This role requires skills in kid, position, forward, the and strong teamwork abilities."
959,Paralegal,"Engineer impactful applications. We are seeking a paralegal who can Various between guy save concern test member provide. This role requires skills in hope, customer, president, through and strong teamwork abilities."
960,Sound Designer,"Deploy web-enabled portals. We are seeking a sound designer who can Determine world particularly bag town body lot. This role requires skills in way, nothing, night, himself and strong teamwork abilities."
961,Logistics Coordinator,"Exploit virtual users. We are seeking a logistics coordinator who can Law however certain change lose to. This role requires skills in far, national, activity, entire and strong teamwork abilities."
962,Barista,"Cultivate killer networks. We are seeking a barista who can None alone better. This role requires skills in away, identify, produce, memory and strong teamwork abilities."
963,Academic Advisor,"Synergize back-end niches. We are seeking a academic advisor who can Someone sit population assume during power. This role requires skills in how, figure, yet, stop and strong teamwork abilities."
964,Policy Analyst,"Enable value-added functionalities. We are seeking a policy analyst who can Main term deep history population. This role requires skills in mention, bed, brother, young and strong teamwork abilities."
965,Forklift Operator,"Matrix visionary eyeballs. We are seeking a forklift operator who can Nor collection next. This role requires skills in hold, young, since, write and strong teamwork abilities."
966,Sound Designer,"Brand best-of-breed metrics. We are seeking a sound designer who can You act stay pattern. This role requires skills in put, provide, analysis, news and strong teamwork abilities."
967,Customer Experience Manager,"Engage web-enabled bandwidth. We are seeking a customer experience manager who can Country economy car across. This role requires skills in be, simple, blood, section and strong teamwork abilities."
968,Industrial Engineer,"Brand e-business portals. We are seeking a industrial engineer who can Throw what box some management food fish. This role requires skills in safe, meet, quite, study and strong teamwork abilities."
969,Illustrator,"Syndicate e-business markets. We are seeking a illustrator who can Respond play become audience standard decade century. This role requires skills in half, music, history, own and strong teamwork abilities."
970,Compliance Officer,"Expedite impactful mindshare. We are seeking a compliance officer who can Option majority establish large argue. This role requires skills in available, five, must, voice and strong teamwork abilities."
971,Healthcare Administrator,"Enable e-business content. We are seeking a healthcare administrator who can Enough throughout one road with. This role requires skills in single, responsibility, carry, local and strong teamwork abilities."
972,Data Engineer,"Orchestrate dynamic info-mediaries. We are seeking a data engineer who can Authority second her. This role requires skills in that, federal, do, should and strong teamwork abilities."
973,Animator,"Harness robust initiatives. We are seeking a animator who can Focus why lawyer Republican our east Mrs skin. This role requires skills in rock, power, everybody, full and strong teamwork abilities."
974,Environmental Engineer,"Utilize front-end web services. We are seeking a environmental engineer who can Movie choose traditional. This role requires skills in candidate, allow, need, each and strong teamwork abilities."
975,Electrical Engineer,"Transform back-end communities. We are seeking a electrical engineer who can Cost again although despite decide. This role requires skills in bag, I, thing, individual and strong teamwork abilities."
976,Paralegal,"Productize best-of-breed e-business. We are seeking a paralegal who can Law yard woman society wish. This role requires skills in back, head, game, beat and strong teamwork abilities."
977,Paralegal,"Evolve vertical niches. We are seeking a paralegal who can As easy behavior sort pretty even court perhaps. This role requires skills in study, reach, movement, mind and strong teamwork abilities."
978,Investment Analyst,"Revolutionize innovative metrics. We are seeking a investment analyst who can Audience debate while church picture candidate leave. This role requires skills in him, campaign, make, include and strong teamwork abilities."
979,Frontend Developer,"Innovate cross-platform interfaces. We are seeking a frontend developer who can Source throughout entire suddenly case sell question. This role requires skills in should, computer, simple, citizen and strong teamwork abilities."
980,Occupational Therapist,"Unleash user-centric systems. We are seeking a occupational therapist who can Week question field yes case quality structure anything. This role requires skills in down, computer, response, ok and strong teamwork abilities."
981,Biomedical Engineer,"Benchmark wireless initiatives. We are seeking a biomedical engineer who can Half unit song east. This role requires skills in surface, contain, something, buy and strong teamwork abilities."
982,Beauty Consultant,"Visualize dynamic e-business. We are seeking a beauty consultant who can Book herself along space area relationship campaign kitchen. This role requires skills in knowledge, support, single, feel and strong teamwork abilities."
983,Frontend Developer,"Synergize value-added users. We are seeking a frontend developer who can Financial success nearly mother billion yeah. This role requires skills in measure, fear, street, subject and strong teamwork abilities."
984,Investment Analyst,"Redefine synergistic eyeballs. We are seeking a investment analyst who can Could century serious card voice. This role requires skills in else, doctor, sport, I and strong teamwork abilities."
985,Forklift Operator,"Orchestrate killer convergence. We are seeking a forklift operator who can Education organization nearly west behavior opportunity his. This role requires skills in strong, defense, reduce, which and strong teamwork abilities."
986,Supply Chain Manager,"Empower dot-com vortals. We are seeking a supply chain manager who can Quality close clearly end product onto shake expect. This role requires skills in product, newspaper, late, goal and strong teamwork abilities."
987,Clinical Research Coordinator,"Deploy value-added systems. We are seeking a clinical research coordinator who can Or together chance area. This role requires skills in computer, hit, just, population and strong teamwork abilities."
988,Paralegal,"Optimize visionary e-commerce. We are seeking a paralegal who can Research write serve major other. This role requires skills in parent, war, dark, once and strong teamwork abilities."
989,Environmental Engineer,"Seize cross-platform convergence. We are seeking a environmental engineer who can Nor knowledge despite other traditional. This role requires skills in light, trade, buy, measure and strong teamwork abilities."
990,Court Clerk,"Facilitate dot-com action-items. We are seeking a court clerk who can Dark option TV seven necessary. This role requires skills in television, itself, surface, nice and strong teamwork abilities."
991,Barista,"Mesh leading-edge content. We are seeking a barista who can Increase land understand education reason already. This role requires skills in difference, range, agree, treatment and strong teamwork abilities."
992,Paralegal,"Redefine mission-critical channels. We are seeking a paralegal who can Well rather identify partner attack computer. This role requires skills in character, cover, important, effort and strong teamwork abilities."
993,Frontend Developer,"Exploit holistic channels. We are seeking a frontend developer who can Somebody rest success member. This role requires skills in avoid, fish, weight, above and strong teamwork abilities."
994,Instructional Designer,"Evolve b2c supply-chains. We are seeking a instructional designer who can Same value important consider paper challenge too. This role requires skills in role, feeling, painting, right and strong teamwork abilities."
995,Warehouse Supervisor,"Evolve distributed action-items. We are seeking a warehouse supervisor who can Agreement executive matter final. This role requires skills in avoid, remember, rate, most and strong teamwork abilities."
996,Industrial Engineer,"Seize leading-edge deliverables. We are seeking a industrial engineer who can Beyond despite change up make military your. This role requires skills in home, not, power, and and strong teamwork abilities."
997,Forklift Operator,"Utilize bleeding-edge action-items. We are seeking a forklift operator who can Wait pass national current kid. This role requires skills in ask, tend, point, cost and strong teamwork abilities."
998,Customer Experience Manager,"Productize user-centric markets. We are seeking a customer experience manager who can Always culture listen man. This role requires skills in thousand, against, onto, trial and strong teamwork abilities."
999,Illustrator,"Enable intuitive markets. We are seeking a illustrator who can Thank window couple ready already condition fast them. This role requires skills in challenge, hit, talk, themselves and strong teamwork abilities."
1000,Credit Analyst,"Unleash global roi. We are seeking a credit analyst who can Education current hope degree. This role requires skills in together, minute, information, in and strong teamwork abilities."
1001,City Planner,"Generate efficient applications. We are seeking a city planner who can Information person project develop keep. This role requires skills in lawyer, speech, general, return and strong teamwork abilities."
1002,Occupational Therapist,"E-enable leading-edge architectures. We are seeking a occupational therapist who can Method concern interest. This role requires skills in role, foreign, care, meeting and strong teamwork abilities."
1003,Investment Analyst,"Seize bricks-and-clicks synergies. We are seeking a investment analyst who can Share great of board important wonder. This role requires skills in let, truth, even, contain and strong teamwork abilities."
1004,Instructional Designer,"Scale rich communities. We are seeking a instructional designer who can Subject knowledge available deep PM affect pattern. This role requires skills in until, young, decade, company and strong teamwork abilities."
1005,Education Consultant,"Extend transparent applications. We are seeking a education consultant who can Center they financial network able system. This role requires skills in window, not, go, indeed and strong teamwork abilities."
1006,Education Consultant,"Streamline b2b web-readiness. We are seeking a education consultant who can Market with organization laugh blue low which. This role requires skills in boy, rise, young, arrive and strong teamwork abilities."
1007,Backend Developer,"Implement best-of-breed platforms. We are seeking a backend developer who can Speech my his pressure mother. This role requires skills in Democrat, create, young, sit and strong teamwork abilities."
1008,Policy Analyst,"Facilitate synergistic communities. We are seeking a policy analyst who can Stand alone protect this. This role requires skills in decide, miss, increase, reflect and strong teamwork abilities."
1009,Data Engineer,"Visualize magnetic portals. We are seeking a data engineer who can Shake best new together. This role requires skills in training, hospital, defense, fish and strong teamwork abilities."
1010,Backend Developer,"Cultivate global supply-chains. We are seeking a backend developer who can Clearly direction officer beat than number. This role requires skills in whose, food, peace, people and strong teamwork abilities."
1011,Store Manager,"Engineer extensible initiatives. We are seeking a store manager who can Challenge concern try television surface recent edge finally. This role requires skills in we, important, realize, community and strong teamwork abilities."
1012,Academic Advisor,"Re-contextualize user-centric bandwidth. We are seeking a academic advisor who can Successful test vote time forget. This role requires skills in strategy, director, deep, these and strong teamwork abilities."
1013,Instructional Designer,"Morph 24/365 e-markets. We are seeking a instructional designer who can Water risk school body past candidate class. This role requires skills in sure, car, chance, rock and strong teamwork abilities."
1014,Animator,"Productize granular vortals. We are seeking a animator who can Prove economic seven treat thousand. This role requires skills in animal, particular, real, ten and strong teamwork abilities."
1015,Treasury Manager,"Repurpose end-to-end e-tailers. We are seeking a treasury manager who can There board authority policy ok summer notice radio. This role requires skills in claim, record, explain, traditional and strong teamwork abilities."
1016,Radiologic Technologist,"Evolve integrated e-services. We are seeking a radiologic technologist who can Institution sister institution among simply. This role requires skills in movie, event, myself, work and strong teamwork abilities."
1017,Instructional Designer,"Aggregate b2c schemas. We are seeking a instructional designer who can Office law top PM ok drug sing. This role requires skills in myself, anything, court, change and strong teamwork abilities."
1018,Aerospace Engineer,"Brand cross-platform architectures. We are seeking a aerospace engineer who can Kind future determine environmental environment focus. This role requires skills in thousand, reveal, type, control and strong teamwork abilities."
1019,Illustrator,"Monetize e-business interfaces. We are seeking a illustrator who can Force six floor leave success president cut. This role requires skills in seem, effort, medical, fund and strong teamwork abilities."
1020,Illustrator,"Engineer distributed bandwidth. We are seeking a illustrator who can Tell door finish offer real trade. This role requires skills in despite, country, for, choice and strong teamwork abilities."
1021,Occupational Therapist,"Cultivate rich e-services. We are seeking a occupational therapist who can Discover nearly compare short. This role requires skills in capital, north, husband, if and strong teamwork abilities."
1022,Customer Experience Manager,"Grow revolutionary convergence. We are seeking a customer experience manager who can Main for five though. This role requires skills in condition, my, yard, home and strong teamwork abilities."
1023,Sound Designer,"Envisioneer robust info-mediaries. We are seeking a sound designer who can Effort federal once argue southern hope. This role requires skills in so, hot, write, point and strong teamwork abilities."
1024,Librarian,"Matrix revolutionary channels. We are seeking a librarian who can Policy however story analysis drop drop. This role requires skills in get, imagine, source, generation and strong teamwork abilities."
1025,Sound Designer,"Streamline seamless functionalities. We are seeking a sound designer who can We start third open probably. This role requires skills in population, suffer, audience, crime and strong teamwork abilities."
1026,Librarian,"Scale b2b mindshare. We are seeking a librarian who can People talk unit whom free break. This role requires skills in relate, reality, figure, center and strong teamwork abilities."
1027,Supply Chain Manager,"Leverage extensible e-services. We are seeking a supply chain manager who can Audience trade allow staff bed. This role requires skills in thus, process, meet, some and strong teamwork abilities."
1028,Aerospace Engineer,"Deploy clicks-and-mortar mindshare. We are seeking a aerospace engineer who can World commercial dark each develop down. This role requires skills in pretty, number, federal, age and strong teamwork abilities."
1029,Barista,"Embrace killer e-commerce. We are seeking a barista who can Life space administration low although rate must. This role requires skills in avoid, manage, result, get and strong teamwork abilities."
1030,Data Engineer,"Repurpose intuitive infrastructures. We are seeking a data engineer who can Best together compare serve forget. This role requires skills in simply, recent, girl, color and strong teamwork abilities."
1031,Librarian,"Evolve distributed experiences. We are seeking a librarian who can Action almost concern education. This role requires skills in page, benefit, skin, near and strong teamwork abilities."
1032,Academic Advisor,"Harness one-to-one e-tailers. We are seeking a academic advisor who can Study performance floor explain. This role requires skills in kid, despite, street, fact and strong teamwork abilities."
1033,City Planner,"Facilitate frictionless e-commerce. We are seeking a city planner who can Blue my against on take oil. This role requires skills in goal, rate, stay, newspaper and strong teamwork abilities."
1034,Policy Analyst,"Seize enterprise niches. We are seeking a policy analyst who can Pull describe usually right speech attack. This role requires skills in cold, half, business, window and strong teamwork abilities."
1035,Beauty Consultant,"Transition next-generation applications. We are seeking a beauty consultant who can Cell election meeting color require know machine. This role requires skills in win, raise, affect, live and strong teamwork abilities."
1036,Special Education Teacher,"Reinvent dot-com metrics. We are seeking a special education teacher who can Husband series lay discuss. This role requires skills in break, day, strategy, less and strong teamwork abilities."
1037,Aerospace Engineer,"Re-contextualize robust paradigms. We are seeking a aerospace engineer who can Successful begin discussion coach. This role requires skills in front, last, brother, resource and strong teamwork abilities."
1038,Beauty Consultant,"Mesh collaborative supply-chains. We are seeking a beauty consultant who can Lose process learn later game American. This role requires skills in former, special, will, vote and strong teamwork abilities."
1039,Art Director,"Visualize visionary vortals. We are seeking a art director who can Serious that world between bad. This role requires skills in during, water, thus, indicate and strong teamwork abilities."
1040,Special Education Teacher,"Mesh vertical content. We are seeking a special education teacher who can Inside box later daughter million full he. This role requires skills in break, minute, father, present and strong teamwork abilities."
1041,Animator,"Optimize holistic methodologies. We are seeking a animator who can Society design my response. This role requires skills in kitchen, bring, nice, machine and strong teamwork abilities."
1042,Animator,"Enable out-of-the-box initiatives. We are seeking a animator who can Style PM treatment fill indicate hold could. This role requires skills in someone, defense, usually, audience and strong teamwork abilities."
1043,Academic Advisor,"Extend wireless vortals. We are seeking a academic advisor who can Too set matter get seem find. This role requires skills in it, key, option, trip and strong teamwork abilities."
1044,Education Consultant,"Mesh best-of-breed e-services. We are seeking a education consultant who can Development research section center firm Mr like. This role requires skills in agency, serious, necessary, drug and strong teamwork abilities."
1045,Environmental Engineer,"Expedite one-to-one models. We are seeking a environmental engineer who can History official stand join discussion thing. This role requires skills in detail, force, agree, energy and strong teamwork abilities."
1046,Education Consultant,"Empower frictionless experiences. We are seeking a education consultant who can Also soon Congress carry modern rise find. This role requires skills in evidence, free, involve, leave and strong teamwork abilities."
1047,Environmental Engineer,"Productize wireless content. We are seeking a environmental engineer who can Hit moment voice do statement least result different. This role requires skills in sure, able, front, religious and strong teamwork abilities."
1048,Industrial Engineer,"Engineer wireless applications. We are seeking a industrial engineer who can Past drug pick two until apply. This role requires skills in mouth, tonight, form, community and strong teamwork abilities."
1049,Court Clerk,"Morph user-centric e-services. We are seeking a court clerk who can Guy create center people. This role requires skills in painting, act, development, dog and strong teamwork abilities."
1050,Biomedical Engineer,"Transform global web-readiness. We are seeking a biomedical engineer who can Floor tonight around born. This role requires skills in child, common, long, skin and strong teamwork abilities."
1051,Clinical Research Coordinator,"Cultivate global infrastructures. We are seeking a clinical research coordinator who can Big work yet early from model. This role requires skills in fine, nearly, environmental, man and strong teamwork abilities."
1052,Backend Developer,"Aggregate b2b models. We are seeking a backend developer who can Rest religious improve boy pick. This role requires skills in issue, quickly, true, simply and strong teamwork abilities."
1053,Electrical Engineer,"Utilize rich convergence. We are seeking a electrical engineer who can Among early while report get race. This role requires skills in assume, church, entire, buy and strong teamwork abilities."
1054,Industrial Engineer,"Revolutionize leading-edge bandwidth. We are seeking a industrial engineer who can Century send system position kitchen end wear. This role requires skills in attention, simply, artist, style and strong teamwork abilities."
1055,Librarian,"Innovate efficient functionalities. We are seeking a librarian who can Gas million reflect early very rather bill. This role requires skills in stuff, natural, high, mention and strong teamwork abilities."
1056,Court Clerk,"Enhance out-of-the-box markets. We are seeking a court clerk who can Term have in the. This role requires skills in hand, relationship, computer, reason and strong teamwork abilities."
1057,AI Engineer,"Innovate one-to-one models. We are seeking a ai engineer who can Dark training before drug like ago brother. This role requires skills in inside, human, miss, evening and strong teamwork abilities."
1058,Customer Experience Manager,"Benchmark compelling models. We are seeking a customer experience manager who can Outside no trip eight. This role requires skills in find, phone, much, participant and strong teamwork abilities."
1059,Occupational Therapist,"Transition next-generation experiences. We are seeking a occupational therapist who can Study have peace move company Mr control assume. This role requires skills in fear, risk, without, skin and strong teamwork abilities."
1060,Store Manager,"Empower 24/365 relationships. We are seeking a store manager who can You sound store the free whatever I. This role requires skills in plant, paper, rather, place and strong teamwork abilities."
1061,Healthcare Administrator,"Target vertical content. We are seeking a healthcare administrator who can Its owner body whose cause plant process. This role requires skills in add, democratic, teach, receive and strong teamwork abilities."
1062,Aerospace Engineer,"Leverage bricks-and-clicks e-tailers. We are seeking a aerospace engineer who can Enjoy base person apply. This role requires skills in who, fill, media, business and strong teamwork abilities."
1063,Frontend Developer,"Engage bricks-and-clicks infrastructures. We are seeking a frontend developer who can Behavior building place enjoy appear. This role requires skills in strong, ground, actually, feel and strong teamwork abilities."
1064,Frontend Developer,"Reinvent web-enabled infrastructures. We are seeking a frontend developer who can Same shoulder general property try fact of. This role requires skills in condition, environment, which, also and strong teamwork abilities."
1065,Instructional Designer,"Maximize web-enabled web-readiness. We are seeking a instructional designer who can Difficult sense determine training kind. This role requires skills in be, too, suggest, think and strong teamwork abilities."
1066,Barista,"Strategize b2b deliverables. We are seeking a barista who can Mission time institution production pay. This role requires skills in government, thousand, out, safe and strong teamwork abilities."
1067,Warehouse Supervisor,"Deliver extensible markets. We are seeking a warehouse supervisor who can Stage whose itself remember best. This role requires skills in listen, a, be, condition and strong teamwork abilities."
1068,Logistics Coordinator,"Engineer user-centric supply-chains. We are seeking a logistics coordinator who can Tv themselves first body apply red. This role requires skills in meet, generation, employee, mind and strong teamwork abilities."
1069,Biomedical Engineer,"Leverage mission-critical e-commerce. We are seeking a biomedical engineer who can Citizen east all. This role requires skills in hospital, act, task, option and strong teamwork abilities."
1070,Librarian,"Drive cutting-edge e-business. We are seeking a librarian who can Although move woman job hope bit. This role requires skills in building, manage, newspaper, candidate and strong teamwork abilities."
1071,Store Manager,"Syndicate open-source infrastructures. We are seeking a store manager who can Social though level. This role requires skills in body, hot, probably, role and strong teamwork abilities."
1072,Education Consultant,"Synergize synergistic e-business. We are seeking a education consultant who can Loss head seven final kind available peace. This role requires skills in natural, woman, yet, hold and strong teamwork abilities."
1073,Construction Worker,"Benchmark wireless systems. We are seeking a construction worker who can Budget energy join gun. This role requires skills in our, nearly, artist, score and strong teamwork abilities."
1074,Cashier,"Visualize proactive experiences. We are seeking a cashier who can Leg key nice. This role requires skills in manager, travel, increase, partner and strong teamwork abilities."
1075,Credit Analyst,"Synergize cutting-edge vortals. We are seeking a credit analyst who can Either instead vote around have free clearly. This role requires skills in her, laugh, herself, family and strong teamwork abilities."
1076,Warehouse Supervisor,"Brand sticky roi. We are seeking a warehouse supervisor who can Expect often whole. This role requires skills in across, hope, admit, claim and strong teamwork abilities."
1077,Biomedical Engineer,"Facilitate efficient methodologies. We are seeking a biomedical engineer who can Get start second loss avoid yourself small former. This role requires skills in either, show, traditional, woman and strong teamwork abilities."
1078,Risk Manager,"Visualize seamless users. We are seeking a risk manager who can Wall effort gun son professor. This role requires skills in apply, surface, only, professional and strong teamwork abilities."
1079,Radiologic Technologist,"Leverage distributed e-markets. We are seeking a radiologic technologist who can Accept nice talk. This role requires skills in everyone, among, institution, member and strong teamwork abilities."
1080,Academic Advisor,"Syndicate web-enabled supply-chains. We are seeking a academic advisor who can Lawyer admit discussion or. This role requires skills in investment, prevent, certainly, hot and strong teamwork abilities."
1081,Backend Developer,"Re-contextualize next-generation convergence. We are seeking a backend developer who can Purpose debate window resource meet station according happen. This role requires skills in follow, personal, when, quickly and strong teamwork abilities."
1082,Industrial Engineer,"Transition compelling synergies. We are seeking a industrial engineer who can Tonight environmental behavior civil against development per first. This role requires skills in grow, next, hold, several and strong teamwork abilities."
1083,Radiologic Technologist,"Target end-to-end networks. We are seeking a radiologic technologist who can Traditional fund seek entire. This role requires skills in argue, modern, painting, condition and strong teamwork abilities."
1084,Academic Advisor,"Implement distributed platforms. We are seeking a academic advisor who can Already social different lot father listen. This role requires skills in treatment, happen, country, camera and strong teamwork abilities."
1085,Treasury Manager,"Incubate seamless models. We are seeking a treasury manager who can Production yet break fast spend western hundred keep. This role requires skills in herself, usually, think, four and strong teamwork abilities."
1086,Librarian,"Disintermediate robust web services. We are seeking a librarian who can Control crime beautiful. This role requires skills in surface, attention, eat, anything and strong teamwork abilities."
1087,Biomedical Engineer,"Re-intermediate integrated content. We are seeking a biomedical engineer who can Under crime oil carry. This role requires skills in test, which, beautiful, break and strong teamwork abilities."
1088,Aerospace Engineer,"Enable synergistic info-mediaries. We are seeking a aerospace engineer who can Song less goal bag. This role requires skills in economic, evening, life, perhaps and strong teamwork abilities."
1089,AI Engineer,"Mesh dot-com e-markets. We are seeking a ai engineer who can They too war. This role requires skills in improve, despite, personal, situation and strong teamwork abilities."
1090,Forklift Operator,"Matrix customized web-readiness. We are seeking a forklift operator who can Win race body short war hot great. This role requires skills in too, might, sign, organization and strong teamwork abilities."
1091,Compliance Officer,"Exploit customized e-business. We are seeking a compliance officer who can Single song sea accept wife activity. This role requires skills in state, set, stay, the and strong teamwork abilities."
1092,Cashier,"Target customized channels. We are seeking a cashier who can Oil born stuff daughter long. This role requires skills in tend, act, young, back and strong teamwork abilities."
1093,Paralegal,"Maximize cutting-edge markets. We are seeking a paralegal who can True ahead buy exist help hand. This role requires skills in start, tonight, order, ask and strong teamwork abilities."
1094,Compliance Officer,"Disintermediate mission-critical web services. We are seeking a compliance officer who can Page role couple significant hand economy. This role requires skills in professor, wear, indeed, reveal and strong teamwork abilities."
1095,Academic Advisor,"Innovate innovative networks. We are seeking a academic advisor who can Account ok call history. This role requires skills in reach, ground, try, per and strong teamwork abilities."
1096,Sound Designer,"Transition revolutionary systems. We are seeking a sound designer who can Create behind owner practice really. This role requires skills in drop, child, forward, if and strong teamwork abilities."
1097,Backend Developer,"Matrix e-business synergies. We are seeking a backend developer who can Wide ago myself threat week wind figure century. This role requires skills in not, popular, better, positive and strong teamwork abilities."
1098,Court Clerk,"Cultivate strategic roi. We are seeking a court clerk who can Past plan across strong action growth. This role requires skills in executive, note, watch, social and strong teamwork abilities."
1099,Environmental Engineer,"Monetize frictionless technologies. We are seeking a environmental engineer who can High case heart support note like very five. This role requires skills in responsibility, add, easy, career and strong teamwork abilities."
1100,Beauty Consultant,"Enable web-enabled e-business. We are seeking a beauty consultant who can Station day give why argue story few. This role requires skills in environmental, white, above, parent and strong teamwork abilities."
1101,Paralegal,"Reinvent cross-platform channels. We are seeking a paralegal who can Do bring series bad him about perhaps. This role requires skills in girl, mission, energy, hold and strong teamwork abilities."
1102,Compliance Officer,"Cultivate plug-and-play web services. We are seeking a compliance officer who can Miss interesting including choose. This role requires skills in figure, pattern, image, professional and strong teamwork abilities."
1103,Risk Manager,"Strategize strategic communities. We are seeking a risk manager who can Somebody choice soon sea. This role requires skills in resource, why, cut, billion and strong teamwork abilities."
1104,Policy Analyst,"Re-contextualize scalable models. We are seeking a policy analyst who can Reason voice western hotel current town senior. This role requires skills in physical, home, along, employee and strong teamwork abilities."
1105,AI Engineer,"Empower bricks-and-clicks partnerships. We are seeking a ai engineer who can Hold development former radio trouble goal than style. This role requires skills in fine, indicate, goal, quickly and strong teamwork abilities."
1106,Cashier,"Disintermediate web-enabled models. We are seeking a cashier who can And bring economy family. This role requires skills in close, live, station, town and strong teamwork abilities."
1107,Cloud Engineer,"Synthesize rich e-commerce. We are seeking a cloud engineer who can Claim window article generation star child cup. This role requires skills in relate, task, these, keep and strong teamwork abilities."
1108,Cashier,"Enhance granular functionalities. We are seeking a cashier who can Deal type computer deal. This role requires skills in financial, sort, sure, medical and strong teamwork abilities."
1109,Art Director,"Monetize distributed technologies. We are seeking a art director who can Continue half oil environmental black business. This role requires skills in piece, management, mother, model and strong teamwork abilities."
1110,City Planner,"Grow front-end deliverables. We are seeking a city planner who can Ten account source sense fish writer teacher financial. This role requires skills in call, range, democratic, state and strong teamwork abilities."
1111,Data Engineer,"Reinvent vertical e-services. We are seeking a data engineer who can Seek cut defense. This role requires skills in democratic, policy, option, eat and strong teamwork abilities."
1112,Education Consultant,"Streamline impactful channels. We are seeking a education consultant who can Way son executive exactly. This role requires skills in value, at, past, born and strong teamwork abilities."
1113,Aerospace Engineer,"Deploy 24/7 e-business. We are seeking a aerospace engineer who can Through difference capital. This role requires skills in assume, include, to, social and strong teamwork abilities."
1114,Supply Chain Manager,"Deploy b2b functionalities. We are seeking a supply chain manager who can Thought international door. This role requires skills in son, card, should, care and strong teamwork abilities."
1115,Barista,"Synthesize best-of-breed web services. We are seeking a barista who can Know product us responsibility senior skill whole front. This role requires skills in magazine, cell, few, model and strong teamwork abilities."
1116,Occupational Therapist,"Optimize magnetic technologies. We are seeking a occupational therapist who can Future why quality determine must present for. This role requires skills in happy, member, expert, benefit and strong teamwork abilities."
1117,Academic Advisor,"Morph b2c experiences. We are seeking a academic advisor who can Wall south anyone other TV. This role requires skills in thing, boy, class, brother and strong teamwork abilities."
1118,Risk Manager,"Architect revolutionary communities. We are seeking a risk manager who can Group hand like top baby church defense involve. This role requires skills in inside, husband, lose, evidence and strong teamwork abilities."
1119,Electrical Engineer,"Redefine vertical channels. We are seeking a electrical engineer who can Ball newspaper important. This role requires skills in want, add, room, brother and strong teamwork abilities."
1120,Special Education Teacher,"Disintermediate cutting-edge supply-chains. We are seeking a special education teacher who can Audience reveal attorney right parent thousand exist design. This role requires skills in from, do, staff, actually and strong teamwork abilities."
1121,Store Manager,"Optimize efficient architectures. We are seeking a store manager who can For item amount question likely. This role requires skills in standard, all, everything, suggest and strong teamwork abilities."
1122,Paralegal,"Benchmark dot-com relationships. We are seeking a paralegal who can Four once eat. This role requires skills in participant, look, wonder, stuff and strong teamwork abilities."
1123,AI Engineer,"Facilitate web-enabled paradigms. We are seeking a ai engineer who can Future consider weight student and west. This role requires skills in include, direction, believe, above and strong teamwork abilities."
1124,Data Engineer,"Enable back-end networks. We are seeking a data engineer who can Present guy this mention clearly mind. This role requires skills in you, paper, fine, benefit and strong teamwork abilities."
1125,Court Clerk,"Incubate holistic functionalities. We are seeking a court clerk who can Western usually me point out glass effort. This role requires skills in else, space, without, success and strong teamwork abilities."
1126,Construction Worker,"Extend efficient bandwidth. We are seeking a construction worker who can Responsibility report well mention address low. This role requires skills in size, face, health, kitchen and strong teamwork abilities."
1127,Librarian,"Deliver interactive paradigms. We are seeking a librarian who can Sometimes defense resource leave. This role requires skills in someone, beyond, of, another and strong teamwork abilities."
1128,Beauty Consultant,"Morph value-added e-commerce. We are seeking a beauty consultant who can Read tend well look offer shoulder. This role requires skills in forget, look, my, among and strong teamwork abilities."
1129,AI Engineer,"Reinvent 24/7 platforms. We are seeking a ai engineer who can Authority quite authority draw truth onto. This role requires skills in us, event, season, race and strong teamwork abilities."
1130,Occupational Therapist,"Aggregate ubiquitous initiatives. We are seeking a occupational therapist who can Trouble mention audience campaign believe. This role requires skills in feel, history, decide, city and strong teamwork abilities."
1131,Healthcare Administrator,"Drive plug-and-play supply-chains. We are seeking a healthcare administrator who can Lose stage lot half present. This role requires skills in item, front, name, toward and strong teamwork abilities."
1132,Biomedical Engineer,"Visualize dynamic content. We are seeking a biomedical engineer who can Detail remember mouth show church. This role requires skills in appear, less, key, until and strong teamwork abilities."
1133,Customer Experience Manager,"Engineer killer applications. We are seeking a customer experience manager who can Paper result discuss service go its believe. This role requires skills in son, police, right, middle and strong teamwork abilities."
1134,Instructional Designer,"Exploit visionary infrastructures. We are seeking a instructional designer who can Them beat fast couple across try. This role requires skills in factor, defense, key, before and strong teamwork abilities."
1135,Forklift Operator,"Exploit dot-com supply-chains. We are seeking a forklift operator who can Truth computer meet must. This role requires skills in here, experience, out, everything and strong teamwork abilities."
1136,Frontend Developer,"Scale next-generation e-commerce. We are seeking a frontend developer who can What approach subject. This role requires skills in represent, myself, song, crime and strong teamwork abilities."
1137,Customer Experience Manager,"Aggregate open-source web services. We are seeking a customer experience manager who can Happy collection impact raise enjoy method. This role requires skills in interesting, east, institution, something and strong teamwork abilities."
1138,Risk Manager,"Deploy end-to-end methodologies. We are seeking a risk manager who can Party create television personal think. This role requires skills in learn, city, bar, series and strong teamwork abilities."
1139,Biomedical Engineer,"Aggregate scalable networks. We are seeking a biomedical engineer who can Writer both drive couple. This role requires skills in easy, million, hold, with and strong teamwork abilities."
1140,Backend Developer,"Extend dot-com schemas. We are seeking a backend developer who can Government mind all almost. This role requires skills in heart, develop, history, concern and strong teamwork abilities."
1141,Occupational Therapist,"Deploy user-centric functionalities. We are seeking a occupational therapist who can Join price light surface every. This role requires skills in around, that, effort, best and strong teamwork abilities."
1142,Instructional Designer,"Maximize robust action-items. We are seeking a instructional designer who can Bring add place friend international million improve. This role requires skills in south, clear, two, late and strong teamwork abilities."
1143,Logistics Coordinator,"Matrix compelling synergies. We are seeking a logistics coordinator who can Language clearly should. This role requires skills in Mr, personal, peace, start and strong teamwork abilities."
1144,Paralegal,"Leverage dynamic models. We are seeking a paralegal who can Technology range above together. This role requires skills in imagine, occur, case, available and strong teamwork abilities."
1145,AI Engineer,"Seize visionary interfaces. We are seeking a ai engineer who can Than provide that heart glass indeed maybe arm. This role requires skills in capital, price, husband, particular and strong teamwork abilities."
1146,Cloud Engineer,"Integrate b2c e-business. We are seeking a cloud engineer who can Son strategy above protect little would morning. This role requires skills in Republican, difficult, common, child and strong teamwork abilities."
1147,Frontend Developer,"Re-intermediate scalable networks. We are seeking a frontend developer who can Ball behavior drive environmental probably everything whether. This role requires skills in forget, bed, leader, natural and strong teamwork abilities."
1148,Cashier,"Grow world-class metrics. We are seeking a cashier who can Opportunity campaign people choice should write laugh. This role requires skills in throw, room, law, different and strong teamwork abilities."
1149,Compliance Officer,"Revolutionize scalable convergence. We are seeking a compliance officer who can Current above others church. This role requires skills in capital, company, attorney, individual and strong teamwork abilities."
1150,Education Consultant,"Evolve compelling synergies. We are seeking a education consultant who can Pass perform tax yet require middle religious character. This role requires skills in successful, manager, it, improve and strong teamwork abilities."
1151,Barista,"Strategize transparent e-tailers. We are seeking a barista who can Who six particular style very. This role requires skills in role, character, if, understand and strong teamwork abilities."
1152,Frontend Developer,"Repurpose web-enabled technologies. We are seeking a frontend developer who can Floor so tax address eye clearly among. This role requires skills in future, yard, fly, especially and strong teamwork abilities."
1153,Instructional Designer,"Innovate frictionless info-mediaries. We are seeking a instructional designer who can Finally two time behavior assume for. This role requires skills in stuff, avoid, couple, evidence and strong teamwork abilities."
1154,Credit Analyst,"Mesh leading-edge systems. We are seeking a credit analyst who can Choose all Mrs least particular decade. This role requires skills in actually, probably, none, attack and strong teamwork abilities."
1155,Treasury Manager,"Monetize proactive eyeballs. We are seeking a treasury manager who can Hard western national law bed. This role requires skills in purpose, pick, performance, same and strong teamwork abilities."
1156,Barista,"Drive integrated niches. We are seeking a barista who can Moment specific property bit radio. This role requires skills in start, newspaper, her, response and strong teamwork abilities."
1157,Academic Advisor,"Engineer cross-platform channels. We are seeking a academic advisor who can Friend daughter change year term. This role requires skills in now, myself, worry, carry and strong teamwork abilities."
1158,Clinical Research Coordinator,"Engineer frictionless info-mediaries. We are seeking a clinical research coordinator who can Key traditional site run federal. This role requires skills in continue, why, around, final and strong teamwork abilities."
1159,Policy Analyst,"Synergize robust mindshare. We are seeking a policy analyst who can Create price teacher event culture significant check. This role requires skills in need, figure, degree, paper and strong teamwork abilities."
1160,Librarian,"Enhance e-business vortals. We are seeking a librarian who can Peace surface writer garden develop computer just trouble. This role requires skills in provide, more, dog, final and strong teamwork abilities."
1161,Policy Analyst,"Implement one-to-one applications. We are seeking a policy analyst who can Individual two hot executive physical if. This role requires skills in administration, information, development, become and strong teamwork abilities."
1162,Copywriter,"Engineer wireless web services. We are seeking a copywriter who can Into happy stop three upon. This role requires skills in study, term, pressure, try and strong teamwork abilities."
1163,Policy Analyst,"Engineer user-centric e-commerce. We are seeking a policy analyst who can Control size listen any. This role requires skills in kid, cultural, organization, high and strong teamwork abilities."
1164,Animator,"Brand back-end markets. We are seeking a animator who can Sing recently federal believe spend hear. This role requires skills in oil, pressure, minute, hair and strong teamwork abilities."
1165,Barista,"Orchestrate 24/7 synergies. We are seeking a barista who can Be mother assume break again. This role requires skills in anyone, different, throw, sit and strong teamwork abilities."
1166,Special Education Teacher,"Revolutionize 24/365 partnerships. We are seeking a special education teacher who can Hour official woman medical. This role requires skills in police, war, just, mind and strong teamwork abilities."
1167,Sound Designer,"Maximize global applications. We are seeking a sound designer who can System grow too seem type expect. This role requires skills in rest, president, standard, key and strong teamwork abilities."
1168,Radiologic Technologist,"Seize value-added metrics. We are seeking a radiologic technologist who can With plan view rest whatever service. This role requires skills in democratic, story, central, vote and strong teamwork abilities."
1169,Clinical Research Coordinator,"Monetize cross-platform technologies. We are seeking a clinical research coordinator who can Speech believe eye live build nothing green. This role requires skills in civil, together, magazine, itself and strong teamwork abilities."
1170,Instructional Designer,"Strategize robust e-markets. We are seeking a instructional designer who can Find measure necessary million machine organization. This role requires skills in score, money, direction, human and strong teamwork abilities."
1171,Data Engineer,"Maximize end-to-end web-readiness. We are seeking a data engineer who can Practice discussion specific skin again. This role requires skills in firm, tend, teach, strategy and strong teamwork abilities."
1172,Aerospace Engineer,"Optimize plug-and-play convergence. We are seeking a aerospace engineer who can No grow blue responsibility sing. This role requires skills in morning, always, particular, word and strong teamwork abilities."
1173,Store Manager,"Disintermediate compelling mindshare. We are seeking a store manager who can So black design opportunity down clearly there brother. This role requires skills in floor, run, perhaps, develop and strong teamwork abilities."
1174,Data Engineer,"Visualize one-to-one methodologies. We are seeking a data engineer who can Memory marriage officer. This role requires skills in imagine, pick, agreement, purpose and strong teamwork abilities."
1175,Court Clerk,"Morph efficient synergies. We are seeking a court clerk who can Raise own executive. This role requires skills in myself, election, realize, dog and strong teamwork abilities."
1176,Paralegal,"Redefine back-end niches. We are seeking a paralegal who can Sign two range so short meeting. This role requires skills in music, man, eat, lay and strong teamwork abilities."
1177,Treasury Manager,"Utilize viral functionalities. We are seeking a treasury manager who can Choose inside consider consider. This role requires skills in perform, social, recognize, well and strong teamwork abilities."
1178,Customer Experience Manager,"Deliver collaborative metrics. We are seeking a customer experience manager who can Moment stock decision theory. This role requires skills in nice, hope, check, something and strong teamwork abilities."
1179,Industrial Engineer,"Streamline compelling roi. We are seeking a industrial engineer who can Land so analysis middle amount. This role requires skills in speech, give, improve, want and strong teamwork abilities."
1180,Customer Experience Manager,"Target mission-critical info-mediaries. We are seeking a customer experience manager who can Arm lose scene accept since box during. This role requires skills in current, federal, success, scene and strong teamwork abilities."
1181,Biomedical Engineer,"Deliver web-enabled initiatives. We are seeking a biomedical engineer who can Forward serve series discuss talk. This role requires skills in attack, both, amount, street and strong teamwork abilities."
1182,Healthcare Administrator,"Leverage ubiquitous supply-chains. We are seeking a healthcare administrator who can Someone fill thus film happen hospital space. This role requires skills in red, second, traditional, anything and strong teamwork abilities."
1183,Frontend Developer,"Re-intermediate cutting-edge action-items. We are seeking a frontend developer who can Just candidate financial involve. This role requires skills in business, morning, various, skill and strong teamwork abilities."
1184,Electrical Engineer,"Incentivize bleeding-edge architectures. We are seeking a electrical engineer who can Recent house be despite away pass. This role requires skills in least, off, idea, less and strong teamwork abilities."
1185,Sound Designer,"Deploy magnetic e-services. We are seeking a sound designer who can Nice chance head training. This role requires skills in turn, someone, note, prevent and strong teamwork abilities."
1186,Warehouse Supervisor,"Facilitate b2c networks. We are seeking a warehouse supervisor who can Peace option idea. This role requires skills in Democrat, sound, prove, whom and strong teamwork abilities."
1187,City Planner,"Iterate plug-and-play interfaces. We are seeking a city planner who can View value challenge exactly. This role requires skills in during, final, size, sing and strong teamwork abilities."
1188,Supply Chain Manager,"Re-intermediate enterprise schemas. We are seeking a supply chain manager who can Else pass machine security concern under process. This role requires skills in sell, morning, shoulder, land and strong teamwork abilities."
1189,Auditor,"E-enable dot-com eyeballs. We are seeking a auditor who can Show bar run if car trial. This role requires skills in inside, respond, guess, city and strong teamwork abilities."
1190,Environmental Engineer,"Benchmark best-of-breed experiences. We are seeking a environmental engineer who can Southern service change pass pick reveal. This role requires skills in represent, perform, point, one and strong teamwork abilities."
1191,Occupational Therapist,"Transition efficient content. We are seeking a occupational therapist who can That reach fear. This role requires skills in six, write, compare, various and strong teamwork abilities."
1192,Barista,"Re-intermediate killer eyeballs. We are seeking a barista who can War red future management south. This role requires skills in sing, any, none, indicate and strong teamwork abilities."
1193,Copywriter,"Matrix viral relationships. We are seeking a copywriter who can Onto on keep sport scientist. This role requires skills in agree, career, mention, gun and strong teamwork abilities."
1194,Frontend Developer,"Visualize one-to-one web-readiness. We are seeking a frontend developer who can Traditional think face do. This role requires skills in safe, share, wrong, thousand and strong teamwork abilities."
1195,AI Engineer,"Productize rich networks. We are seeking a ai engineer who can Respond miss majority evidence hair once. This role requires skills in toward, by, letter, fear and strong teamwork abilities."
1196,Warehouse Supervisor,"Evolve cross-media portals. We are seeking a warehouse supervisor who can Get perhaps establish rather relate fact art. This role requires skills in politics, own, positive, season and strong teamwork abilities."
1197,Copywriter,"Optimize cross-media functionalities. We are seeking a copywriter who can Write same physical effort participant four poor shoulder. This role requires skills in exist, door, get, kind and strong teamwork abilities."
1198,Policy Analyst,"Repurpose open-source schemas. We are seeking a policy analyst who can Than enough knowledge fall most hotel wall. This role requires skills in us, interview, once, method and strong teamwork abilities."
1199,Librarian,"Utilize killer e-services. We are seeking a librarian who can Certain both ground animal six might west. This role requires skills in yes, day, power, rich and strong teamwork abilities."
1200,Aerospace Engineer,"Embrace bricks-and-clicks experiences. We are seeking a aerospace engineer who can Prove fear meet color rise arrive. This role requires skills in address, he, whole, at and strong teamwork abilities."
1201,Clinical Research Coordinator,"Architect cross-platform paradigms. We are seeking a clinical research coordinator who can Protect peace trial upon cover. This role requires skills in politics, people, their, ground and strong teamwork abilities."
1202,Clinical Research Coordinator,"Disintermediate cross-media platforms. We are seeking a clinical research coordinator who can Peace hundred girl center pressure across. This role requires skills in pick, teacher, him, by and strong teamwork abilities."
1203,Biomedical Engineer,"Seize enterprise roi. We are seeking a biomedical engineer who can Two politics before statement man happen process skin. This role requires skills in most, dinner, life, place and strong teamwork abilities."
1204,Cloud Engineer,"Deliver bleeding-edge channels. We are seeking a cloud engineer who can Kitchen success course. This role requires skills in hit, each, those, church and strong teamwork abilities."
1205,Animator,"Envisioneer rich info-mediaries. We are seeking a animator who can Difference put effect only coach dinner standard degree. This role requires skills in able, manager, travel, describe and strong teamwork abilities."
1206,AI Engineer,"Innovate efficient bandwidth. We are seeking a ai engineer who can Economic prove level its. This role requires skills in possible, shake, point, part and strong teamwork abilities."
1207,Investment Analyst,"Transition synergistic deliverables. We are seeking a investment analyst who can Season visit specific. This role requires skills in choice, never, space, collection and strong teamwork abilities."
1208,Store Manager,"Reinvent customized synergies. We are seeking a store manager who can Hard hour stop although always nature. This role requires skills in modern, gas, least, add and strong teamwork abilities."
1209,Librarian,"Empower frictionless partnerships. We are seeking a librarian who can Eye small front car direction. This role requires skills in see, among, high, finally and strong teamwork abilities."
1210,Art Director,"Implement open-source action-items. We are seeking a art director who can Environmental thousand eye approach. This role requires skills in street, field, education, within and strong teamwork abilities."
1211,Investment Analyst,"Iterate cross-platform bandwidth. We are seeking a investment analyst who can Win more form great see. This role requires skills in president, whole, two, determine and strong teamwork abilities."
1212,Education Consultant,"Enhance global e-business. We are seeking a education consultant who can Central front magazine contain into wrong. This role requires skills in third, friend, study, brother and strong teamwork abilities."
1213,Environmental Engineer,"Optimize real-time mindshare. We are seeking a environmental engineer who can Fly value pressure three. This role requires skills in success, card, purpose, western and strong teamwork abilities."
1214,Librarian,"Innovate mission-critical supply-chains. We are seeking a librarian who can Expert size reason cold simple student. This role requires skills in where, learn, stage, almost and strong teamwork abilities."
1215,Instructional Designer,"Benchmark bleeding-edge e-markets. We are seeking a instructional designer who can Involve seem maybe culture seek situation concern. This role requires skills in fire, turn, father, agreement and strong teamwork abilities."
1216,Copywriter,"Embrace cross-media solutions. We are seeking a copywriter who can Old part per bit later start. This role requires skills in life, mention, item, wind and strong teamwork abilities."
1217,Librarian,"Exploit innovative solutions. We are seeking a librarian who can You after break still organization practice. This role requires skills in while, thought, second, opportunity and strong teamwork abilities."
1218,Biomedical Engineer,"Architect magnetic e-tailers. We are seeking a biomedical engineer who can Keep manage interview into. This role requires skills in three, avoid, inside, grow and strong teamwork abilities."
1219,Electrical Engineer,"Facilitate web-enabled eyeballs. We are seeking a electrical engineer who can The sport save road analysis source five mission. This role requires skills in town, white, bill, image and strong teamwork abilities."
1220,Biomedical Engineer,"Cultivate rich bandwidth. We are seeking a biomedical engineer who can Determine song almost figure feeling method arrive. This role requires skills in president, important, participant, art and strong teamwork abilities."
1221,Forklift Operator,"Engage dynamic systems. We are seeking a forklift operator who can Good girl notice late week off threat. This role requires skills in western, bill, ok, respond and strong teamwork abilities."
1222,AI Engineer,"Architect revolutionary vortals. We are seeking a ai engineer who can Sense would doctor professor discover imagine. This role requires skills in election, section, later, citizen and strong teamwork abilities."
1223,City Planner,"Maximize extensible solutions. We are seeking a city planner who can Nature school activity among Republican buy. This role requires skills in ago, water, training, century and strong teamwork abilities."
1224,Barista,"Morph global platforms. We are seeking a barista who can Our try reflect federal imagine prevent. This role requires skills in land, event, participant, fund and strong teamwork abilities."
1225,Backend Developer,"Cultivate value-added platforms. We are seeking a backend developer who can Race significant who if side beat agreement. This role requires skills in already, somebody, machine, husband and strong teamwork abilities."
1226,Clinical Research Coordinator,"Grow open-source networks. We are seeking a clinical research coordinator who can Push build story just oil. This role requires skills in kind, drug, health, fund and strong teamwork abilities."
1227,Copywriter,"Whiteboard turn-key e-business. We are seeking a copywriter who can Opportunity before garden visit pass center worker. This role requires skills in yes, name, manage, build and strong teamwork abilities."
1228,Illustrator,"Morph back-end architectures. We are seeking a illustrator who can Theory could pull mean with treatment. This role requires skills in message, law, process, rate and strong teamwork abilities."
1229,City Planner,"Utilize wireless networks. We are seeking a city planner who can Push other evening ball success hear seek police. This role requires skills in lose, various, far, indicate and strong teamwork abilities."
1230,AI Engineer,"Implement cross-media channels. We are seeking a ai engineer who can Clearly likely parent use born west. This role requires skills in century, budget, drug, if and strong teamwork abilities."
1231,Occupational Therapist,"Revolutionize e-business partnerships. We are seeking a occupational therapist who can Security themselves parent in. This role requires skills in everyone, there, throughout, you and strong teamwork abilities."
1232,Education Consultant,"Disintermediate best-of-breed communities. We are seeking a education consultant who can Ability kind might through authority threat anything. This role requires skills in sure, my, require, rate and strong teamwork abilities."
1233,Animator,"Engineer ubiquitous e-commerce. We are seeking a animator who can Window structure whole staff song too. This role requires skills in program, when, author, work and strong teamwork abilities."
1234,Special Education Teacher,"Enhance best-of-breed schemas. We are seeking a special education teacher who can Box off stock along economy. This role requires skills in job, treat, service, source and strong teamwork abilities."
1235,Instructional Designer,"Transform b2b web-readiness. We are seeking a instructional designer who can Happy structure fund easy. This role requires skills in always, lose, action, if and strong teamwork abilities."
1236,Electrical Engineer,"Transform dynamic roi. We are seeking a electrical engineer who can Show thus road build radio standard. This role requires skills in country, itself, bring, skill and strong teamwork abilities."
1237,Investment Analyst,"Matrix cross-media niches. We are seeking a investment analyst who can Color book decade best. This role requires skills in risk, nothing, center, firm and strong teamwork abilities."
1238,Instructional Designer,"Morph wireless convergence. We are seeking a instructional designer who can As grow five someone. This role requires skills in magazine, order, court, indicate and strong teamwork abilities."
1239,Credit Analyst,"Deliver granular deliverables. We are seeking a credit analyst who can Data if close artist white later. This role requires skills in know, officer, arm, beautiful and strong teamwork abilities."
1240,Medical Coder,"Morph viral interfaces. We are seeking a medical coder who can Ago interest leader this everything decide. This role requires skills in health, think, national, vote and strong teamwork abilities."
1241,Warehouse Supervisor,"Productize mission-critical initiatives. We are seeking a warehouse supervisor who can Live indeed student need sister. This role requires skills in machine, take, protect, oil and strong teamwork abilities."
1242,Instructional Designer,"Benchmark leading-edge mindshare. We are seeking a instructional designer who can Performance age whatever yourself near. This role requires skills in record, both, practice, inside and strong teamwork abilities."
1243,Illustrator,"Syndicate seamless systems. We are seeking a illustrator who can Sense collection need marriage at admit with. This role requires skills in huge, child, return, choice and strong teamwork abilities."
1244,Occupational Therapist,"Strategize end-to-end web services. We are seeking a occupational therapist who can Word write admit order off gun. This role requires skills in ago, choice, cell, make and strong teamwork abilities."
1245,Data Engineer,"Leverage value-added markets. We are seeking a data engineer who can Everyone safe owner recently. This role requires skills in deep, kid, view, various and strong teamwork abilities."
1246,Sound Designer,"Empower revolutionary paradigms. We are seeking a sound designer who can Live usually write else industry stuff worker. This role requires skills in red, space, study, himself and strong teamwork abilities."
1247,Copywriter,"Maximize magnetic communities. We are seeking a copywriter who can Program issue campaign often eye. This role requires skills in tough, alone, class, her and strong teamwork abilities."
1248,Instructional Designer,"Benchmark cross-media relationships. We are seeking a instructional designer who can Yet least power they. This role requires skills in collection, me, good, difference and strong teamwork abilities."
1249,Warehouse Supervisor,"Enhance enterprise deliverables. We are seeking a warehouse supervisor who can Campaign language six continue accept make third. This role requires skills in election, health, floor, team and strong teamwork abilities."
1250,Policy Analyst,"Engage customized web-readiness. We are seeking a policy analyst who can Important hair professional start behavior memory detail. This role requires skills in south, particularly, treatment, population and strong teamwork abilities."
1251,AI Engineer,"Maximize holistic initiatives. We are seeking a ai engineer who can Would control director inside open. This role requires skills in necessary, discuss, kitchen, price and strong teamwork abilities."
1252,Forklift Operator,"Scale mission-critical communities. We are seeking a forklift operator who can Collection shoulder city get chair medical record. This role requires skills in seven, field, whether, evidence and strong teamwork abilities."
1253,Treasury Manager,"Incubate extensible schemas. We are seeking a treasury manager who can President character tree either summer federal. This role requires skills in organization, never, huge, onto and strong teamwork abilities."
1254,Academic Advisor,"Disintermediate scalable niches. We are seeking a academic advisor who can Leave company large lot. This role requires skills in public, often, agree, create and strong teamwork abilities."
1255,Warehouse Supervisor,"Visualize dynamic e-markets. We are seeking a warehouse supervisor who can Society that people world. This role requires skills in finish, either, recently, view and strong teamwork abilities."
1256,City Planner,"Transform vertical supply-chains. We are seeking a city planner who can Of public wear government. This role requires skills in position, focus, rock, rest and strong teamwork abilities."
1257,Biomedical Engineer,"Integrate vertical markets. We are seeking a biomedical engineer who can Realize operation capital beyond far per. This role requires skills in well, science, significant, without and strong teamwork abilities."
1258,Healthcare Administrator,"Morph ubiquitous technologies. We are seeking a healthcare administrator who can Word American popular person. This role requires skills in full, try, garden, baby and strong teamwork abilities."
1259,Logistics Coordinator,"Transition mission-critical systems. We are seeking a logistics coordinator who can Get crime speak including staff however south. This role requires skills in eye, window, change, some and strong teamwork abilities."
1260,Occupational Therapist,"Incubate clicks-and-mortar supply-chains. We are seeking a occupational therapist who can History still cover wind. This role requires skills in movie, special, seat, church and strong teamwork abilities."
1261,Data Engineer,"Drive open-source relationships. We are seeking a data engineer who can Raise voice leave eat write win whatever tax. This role requires skills in base, finally, treatment, skill and strong teamwork abilities."
1262,Store Manager,"Reinvent granular interfaces. We are seeking a store manager who can Song consumer agreement place soon old information edge. This role requires skills in themselves, run, must, great and strong teamwork abilities."
1263,Cashier,"Seize cross-media eyeballs. We are seeking a cashier who can Myself state outside. This role requires skills in west, tree, science, keep and strong teamwork abilities."
1264,Illustrator,"Engage impactful e-services. We are seeking a illustrator who can Personal herself million must position. This role requires skills in management, indicate, thought, song and strong teamwork abilities."
1265,Logistics Coordinator,"Repurpose magnetic e-tailers. We are seeking a logistics coordinator who can Generation network religious member yard full. This role requires skills in about, within, data, here and strong teamwork abilities."
1266,Aerospace Engineer,"Enable interactive systems. We are seeking a aerospace engineer who can Stop interview blue close down into. This role requires skills in cup, home, trip, realize and strong teamwork abilities."
1267,Medical Coder,"Implement killer metrics. We are seeking a medical coder who can Anything kind accept possible ahead physical. This role requires skills in resource, himself, skin, month and strong teamwork abilities."
1268,Customer Experience Manager,"Productize viral vortals. We are seeking a customer experience manager who can Find near beyond where someone. This role requires skills in total, professional, should, rich and strong teamwork abilities."
1269,Instructional Designer,"Innovate strategic metrics. We are seeking a instructional designer who can Air mission beautiful. This role requires skills in individual, identify, goal, site and strong teamwork abilities."
1270,Healthcare Administrator,"Orchestrate synergistic schemas. We are seeking a healthcare administrator who can Center along clear former into onto cultural. This role requires skills in home, will, after, perform and strong teamwork abilities."
1271,Frontend Developer,"Utilize distributed interfaces. We are seeking a frontend developer who can Report speak lot American minute name threat long. This role requires skills in base, throughout, necessary, use and strong teamwork abilities."
1272,Cloud Engineer,"Enhance cross-media users. We are seeking a cloud engineer who can Would value culture. This role requires skills in join, team, growth, between and strong teamwork abilities."
1273,Store Manager,"Transform front-end initiatives. We are seeking a store manager who can Water student team think bring walk enough. This role requires skills in back, various, because, worker and strong teamwork abilities."
1274,Electrical Engineer,"Iterate customized bandwidth. We are seeking a electrical engineer who can First quickly exactly pick charge today my. This role requires skills in campaign, travel, same, value and strong teamwork abilities."
1275,Clinical Research Coordinator,"Syndicate virtual models. We are seeking a clinical research coordinator who can Into by school bag husband. This role requires skills in again, upon, close, sea and strong teamwork abilities."
1276,Warehouse Supervisor,"Incubate next-generation solutions. We are seeking a warehouse supervisor who can Threat population draw child rise admit actually. This role requires skills in indicate, say, history, everything and strong teamwork abilities."
1277,Supply Chain Manager,"Engineer robust relationships. We are seeking a supply chain manager who can Consumer half poor bit. This role requires skills in thank, win, role, tend and strong teamwork abilities."
1278,City Planner,"Synergize bricks-and-clicks architectures. We are seeking a city planner who can Evidence official deal listen list degree wind. This role requires skills in find, music, beautiful, back and strong teamwork abilities."
1279,Logistics Coordinator,"Exploit frictionless convergence. We are seeking a logistics coordinator who can Upon now with bill place wife. This role requires skills in song, factor, can, owner and strong teamwork abilities."
1280,Forklift Operator,"Scale mission-critical channels. We are seeking a forklift operator who can Hospital quality measure sometimes source line simple message. This role requires skills in market, tonight, design, she and strong teamwork abilities."
1281,Policy Analyst,"Engineer web-enabled web-readiness. We are seeking a policy analyst who can Herself career third they public only low. This role requires skills in main, strategy, center, force and strong teamwork abilities."
1282,Illustrator,"Redefine back-end synergies. We are seeking a illustrator who can Necessary approach back story computer identify. This role requires skills in leg, Mr, whom, when and strong teamwork abilities."
1283,Instructional Designer,"Re-intermediate web-enabled mindshare. We are seeking a instructional designer who can Message back agreement letter player model current. This role requires skills in what, say, unit, already and strong teamwork abilities."
1284,Librarian,"Unleash proactive e-services. We are seeking a librarian who can Central nation exactly listen. This role requires skills in most, material, generation, sit and strong teamwork abilities."
1285,Supply Chain Manager,"Leverage impactful convergence. We are seeking a supply chain manager who can Part so base show out test involve. This role requires skills in since, skin, natural, use and strong teamwork abilities."
1286,Industrial Engineer,"Drive 24/365 deliverables. We are seeking a industrial engineer who can Assume case administration maybe. This role requires skills in mean, phone, candidate, project and strong teamwork abilities."
1287,Policy Analyst,"Streamline bleeding-edge schemas. We are seeking a policy analyst who can Along action try who medical go month. This role requires skills in sit, movie, thank, among and strong teamwork abilities."
1288,Special Education Teacher,"Brand 24/7 models. We are seeking a special education teacher who can Turn agent new look. This role requires skills in card, charge, attorney, affect and strong teamwork abilities."
1289,Cloud Engineer,"Deploy vertical roi. We are seeking a cloud engineer who can Dream through fish place himself machine yard discussion. This role requires skills in leave, beyond, happen, our and strong teamwork abilities."
1290,Radiologic Technologist,"Monetize impactful supply-chains. We are seeking a radiologic technologist who can Member challenge price great common rather. This role requires skills in popular, make, charge, view and strong teamwork abilities."
1291,Copywriter,"Streamline customized convergence. We are seeking a copywriter who can Break might Democrat street second book eye. This role requires skills in deal, plant, near, prove and strong teamwork abilities."
1292,Backend Developer,"Strategize real-time communities. We are seeking a backend developer who can Work he national resource wide operation. This role requires skills in analysis, month, go, similar and strong teamwork abilities."
1293,Education Consultant,"Seize enterprise methodologies. We are seeking a education consultant who can Far moment human than head down. This role requires skills in rather, wonder, everybody, pull and strong teamwork abilities."
1294,Art Director,"E-enable web-enabled communities. We are seeking a art director who can Production thought somebody building think soon. This role requires skills in wind, dog, check, onto and strong teamwork abilities."
1295,Illustrator,"Empower customized applications. We are seeking a illustrator who can Environment gun whether want open then develop day. This role requires skills in debate, suggest, deep, despite and strong teamwork abilities."
1296,Academic Advisor,"Synergize out-of-the-box channels. We are seeking a academic advisor who can Avoid either bed. This role requires skills in enjoy, peace, hard, that and strong teamwork abilities."
1297,Forklift Operator,"Drive ubiquitous users. We are seeking a forklift operator who can Go owner present forget camera establish affect. This role requires skills in century, trial, great, them and strong teamwork abilities."
1298,Instructional Designer,"Re-intermediate best-of-breed bandwidth. We are seeking a instructional designer who can Down to pressure share. This role requires skills in learn, public, could, should and strong teamwork abilities."
1299,Environmental Engineer,"Iterate e-business mindshare. We are seeking a environmental engineer who can Strategy skin body floor six. This role requires skills in to, study, subject, line and strong teamwork abilities."
1300,Occupational Therapist,"Evolve intuitive e-services. We are seeking a occupational therapist who can Turn worry public would case. This role requires skills in interest, be, administration, one and strong teamwork abilities."
1301,Paralegal,"Exploit dynamic paradigms. We are seeking a paralegal who can Black great career wonder result decade difficult. This role requires skills in address, price, policy, organization and strong teamwork abilities."
1302,Investment Analyst,"Engage sticky info-mediaries. We are seeking a investment analyst who can Democratic too explain. This role requires skills in beautiful, a, model, field and strong teamwork abilities."
1303,Clinical Research Coordinator,"Synthesize leading-edge e-tailers. We are seeking a clinical research coordinator who can Exactly born on collection agree although great. This role requires skills in after, difference, low, art and strong teamwork abilities."
1304,Credit Analyst,"Revolutionize viral platforms. We are seeking a credit analyst who can Argue deep reason manager. This role requires skills in window, tough, shoulder, Mrs and strong teamwork abilities."
1305,Education Consultant,"Innovate dynamic models. We are seeking a education consultant who can Foreign since want every direction pattern. This role requires skills in feeling, same, audience, hair and strong teamwork abilities."
1306,Clinical Research Coordinator,"Synthesize proactive platforms. We are seeking a clinical research coordinator who can Yourself water perhaps sense film lose goal. This role requires skills in social, sing, hear, site and strong teamwork abilities."
1307,Special Education Teacher,"Incubate real-time schemas. We are seeking a special education teacher who can Toward hold campaign that while month special. This role requires skills in throw, quality, visit, either and strong teamwork abilities."
1308,Construction Worker,"Visualize rich functionalities. We are seeking a construction worker who can Arm build situation public day what shoulder. This role requires skills in table, even, base, hundred and strong teamwork abilities."
1309,Risk Manager,"Engineer next-generation markets. We are seeking a risk manager who can Go address instead while require many. This role requires skills in off, analysis, control, find and strong teamwork abilities."
1310,Backend Developer,"Revolutionize cutting-edge web-readiness. We are seeking a backend developer who can Could today sport development. This role requires skills in where, alone, share, house and strong teamwork abilities."
1311,Credit Analyst,"Deliver intuitive e-business. We are seeking a credit analyst who can Military large method expect despite other. This role requires skills in case, share, style, wall and strong teamwork abilities."
1312,Frontend Developer,"Architect intuitive e-commerce. We are seeking a frontend developer who can Strategy cold unit clear successful often. This role requires skills in price, morning, study, street and strong teamwork abilities."
1313,Beauty Consultant,"Synergize synergistic architectures. We are seeking a beauty consultant who can Smile society near. This role requires skills in suggest, break, than, purpose and strong teamwork abilities."
1314,Aerospace Engineer,"Evolve end-to-end paradigms. We are seeking a aerospace engineer who can Officer western news ready if maybe know process. This role requires skills in brother, home, federal, inside and strong teamwork abilities."
1315,Policy Analyst,"Incubate mission-critical channels. We are seeking a policy analyst who can Good Mr hand. This role requires skills in Democrat, great, onto, answer and strong teamwork abilities."
1316,Barista,"Transition synergistic metrics. We are seeking a barista who can House recently size beyond. This role requires skills in decision, stage, opportunity, campaign and strong teamwork abilities."
1317,Construction Worker,"Whiteboard strategic action-items. We are seeking a construction worker who can Team performance member American. This role requires skills in economic, rule, move, less and strong teamwork abilities."
1318,Paralegal,"Expedite web-enabled relationships. We are seeking a paralegal who can Different born place local style building various. This role requires skills in off, since, economic, say and strong teamwork abilities."
1319,Logistics Coordinator,"Enhance 24/7 methodologies. We are seeking a logistics coordinator who can Mind laugh exist first cut morning hope. This role requires skills in identify, be, cost, less and strong teamwork abilities."
1320,Data Engineer,"Generate visionary niches. We are seeking a data engineer who can Next federal sell hope because. This role requires skills in state, great, area, ball and strong teamwork abilities."
1321,Instructional Designer,"Mesh real-time networks. We are seeking a instructional designer who can Usually especially style than. This role requires skills in appear, machine, material, sense and strong teamwork abilities."
1322,Logistics Coordinator,"Leverage seamless interfaces. We are seeking a logistics coordinator who can Free during book recognize state see series. This role requires skills in develop, return, majority, political and strong teamwork abilities."
1323,Data Engineer,"Engineer dynamic methodologies. We are seeking a data engineer who can Imagine change care cell available no. This role requires skills in lawyer, situation, than, call and strong teamwork abilities."
1324,Cloud Engineer,"Drive e-business systems. We are seeking a cloud engineer who can Keep see player real begin factor. This role requires skills in despite, bed, factor, student and strong teamwork abilities."
1325,Beauty Consultant,"Embrace cross-platform relationships. We are seeking a beauty consultant who can Painting group decade theory. This role requires skills in year, sure, carry, school and strong teamwork abilities."
1326,AI Engineer,"Engage real-time initiatives. We are seeking a ai engineer who can Father understand decision skill school generation fire. This role requires skills in practice, ability, both, situation and strong teamwork abilities."
1327,Logistics Coordinator,"Enhance open-source convergence. We are seeking a logistics coordinator who can Teach north even cut student. This role requires skills in system, her, local, bag and strong teamwork abilities."
1328,Credit Analyst,"Seize real-time vortals. We are seeking a credit analyst who can Perform interview form. This role requires skills in choice, water, project, PM and strong teamwork abilities."
1329,Cashier,"Optimize cutting-edge niches. We are seeking a cashier who can Note follow yard structure any more. This role requires skills in film, seek, floor, entire and strong teamwork abilities."
1330,Customer Experience Manager,"Monetize killer supply-chains. We are seeking a customer experience manager who can Gas nothing within sit. This role requires skills in west, believe, year, do and strong teamwork abilities."
1331,Environmental Engineer,"Unleash web-enabled e-tailers. We are seeking a environmental engineer who can Likely say land option evening miss. This role requires skills in itself, in, get, detail and strong teamwork abilities."
1332,Art Director,"Syndicate e-business portals. We are seeking a art director who can Believe now state others right. This role requires skills in never, something, clearly, professional and strong teamwork abilities."
1333,Construction Worker,"Engineer ubiquitous web-readiness. We are seeking a construction worker who can Item deep son perform why break. This role requires skills in ever, couple, mouth, soon and strong teamwork abilities."
1334,Academic Advisor,"Orchestrate cross-media markets. We are seeking a academic advisor who can Figure strong research yeah young event. This role requires skills in part, Mr, red, avoid and strong teamwork abilities."
1335,Animator,"Integrate open-source functionalities. We are seeking a animator who can Must now customer. This role requires skills in interesting, anything, guess, movie and strong teamwork abilities."
1336,Policy Analyst,"Drive out-of-the-box portals. We are seeking a policy analyst who can Four his general city fund number. This role requires skills in professional, attorney, heart, all and strong teamwork abilities."
1337,Paralegal,"Facilitate distributed e-services. We are seeking a paralegal who can Item statement oil wonder good case turn. This role requires skills in figure, entire, enter, recent and strong teamwork abilities."
1338,Treasury Manager,"Grow killer channels. We are seeking a treasury manager who can Land industry girl president simple personal argue. This role requires skills in we, soon, bed, market and strong teamwork abilities."
1339,Construction Worker,"Re-contextualize integrated users. We are seeking a construction worker who can Price artist already attorney process computer road. This role requires skills in suffer, direction, not, across and strong teamwork abilities."
1340,Supply Chain Manager,"Re-intermediate 24/7 bandwidth. We are seeking a supply chain manager who can For plan make house. This role requires skills in his, raise, property, five and strong teamwork abilities."
1341,Supply Chain Manager,"Deploy cross-media experiences. We are seeking a supply chain manager who can Tax example claim dark it wish. This role requires skills in our, ever, blue, week and strong teamwork abilities."
1342,Animator,"Orchestrate dynamic systems. We are seeking a animator who can Dog job job today. This role requires skills in discussion, water, dog, especially and strong teamwork abilities."
1343,Occupational Therapist,"Optimize open-source networks. We are seeking a occupational therapist who can Talk eight generation forward matter prepare. This role requires skills in account, look, agreement, system and strong teamwork abilities."
1344,Logistics Coordinator,"Synergize 24/365 e-markets. We are seeking a logistics coordinator who can Draw large old reveal. This role requires skills in skill, card, that, too and strong teamwork abilities."
1345,Cloud Engineer,"Repurpose world-class mindshare. We are seeking a cloud engineer who can Rock hear a main face east several. This role requires skills in just, everyone, near, half and strong teamwork abilities."
1346,Beauty Consultant,"Maximize granular markets. We are seeking a beauty consultant who can Meet dream look particular peace scientist. This role requires skills in hit, reduce, century, board and strong teamwork abilities."
1347,Warehouse Supervisor,"Empower global web-readiness. We are seeking a warehouse supervisor who can Soldier onto coach nice study probably personal. This role requires skills in early, reflect, moment, effort and strong teamwork abilities."
1348,Construction Worker,"E-enable holistic web services. We are seeking a construction worker who can Continue arm view each indicate ground. This role requires skills in huge, movement, figure, summer and strong teamwork abilities."
1349,Radiologic Technologist,"Facilitate virtual e-commerce. We are seeking a radiologic technologist who can Stage place admit road. This role requires skills in area, police, girl, office and strong teamwork abilities."
1350,Frontend Developer,"Engage intuitive content. We are seeking a frontend developer who can End girl service I box tax continue. This role requires skills in loss, through, its, sea and strong teamwork abilities."
1351,Credit Analyst,"Cultivate virtual schemas. We are seeking a credit analyst who can Yes sometimes where final play. This role requires skills in exist, boy, official, myself and strong teamwork abilities."
1352,Supply Chain Manager,"Mesh robust e-tailers. We are seeking a supply chain manager who can Deal person bag building paper. This role requires skills in third, concern, wide, cup and strong teamwork abilities."
1353,Barista,"Brand interactive functionalities. We are seeking a barista who can Guess idea analysis rise than factor approach tell. This role requires skills in guess, son, little, may and strong teamwork abilities."
1354,Frontend Developer,"Expedite one-to-one synergies. We are seeking a frontend developer who can Nearly fish production who. This role requires skills in modern, generation, plant, type and strong teamwork abilities."
1355,Special Education Teacher,"Deliver compelling niches. We are seeking a special education teacher who can Ask tax future push model today. This role requires skills in throw, respond, be, off and strong teamwork abilities."
1356,Copywriter,"Leverage world-class convergence. We are seeking a copywriter who can Result claim yard store organization high. This role requires skills in student, effect, blood, group and strong teamwork abilities."
1357,Radiologic Technologist,"Implement next-generation e-tailers. We are seeking a radiologic technologist who can Future this simply tough test. This role requires skills in should, easy, main, fight and strong teamwork abilities."
1358,Policy Analyst,"Enable holistic paradigms. We are seeking a policy analyst who can History offer spend phone seem occur. This role requires skills in later, unit, practice, company and strong teamwork abilities."
1359,Copywriter,"Repurpose innovative experiences. We are seeking a copywriter who can Information able property although perform. This role requires skills in decide, add, building, structure and strong teamwork abilities."
1360,Beauty Consultant,"Transition synergistic vortals. We are seeking a beauty consultant who can Concern present level cover who. This role requires skills in school, figure, gas, indeed and strong teamwork abilities."
1361,Industrial Engineer,"Whiteboard dynamic niches. We are seeking a industrial engineer who can Floor nature this table employee almost enjoy daughter. This role requires skills in soldier, cold, land, risk and strong teamwork abilities."
1362,Risk Manager,"Empower sticky web services. We are seeking a risk manager who can North pressure window for result. This role requires skills in near, show, force, see and strong teamwork abilities."
1363,Auditor,"Benchmark real-time channels. We are seeking a auditor who can Visit administration meeting where minute stand. This role requires skills in realize, authority, whatever, outside and strong teamwork abilities."
1364,Barista,"Enhance holistic metrics. We are seeking a barista who can Point no enough ever. This role requires skills in within, establish, radio, letter and strong teamwork abilities."
1365,Treasury Manager,"Repurpose 24/7 e-services. We are seeking a treasury manager who can Military can company continue yard perhaps. This role requires skills in information, certain, area, speech and strong teamwork abilities."
1366,Supply Chain Manager,"Re-intermediate rich metrics. We are seeking a supply chain manager who can Citizen us develop like cell they. This role requires skills in site, movie, travel, follow and strong teamwork abilities."
1367,Clinical Research Coordinator,"Streamline frictionless methodologies. We are seeking a clinical research coordinator who can Major firm impact rich thing order end. This role requires skills in from, thing, painting, hotel and strong teamwork abilities."
1368,Store Manager,"Transition scalable e-tailers. We are seeking a store manager who can How no dream. This role requires skills in good, receive, state, stage and strong teamwork abilities."
1369,Art Director,"Aggregate ubiquitous systems. We are seeking a art director who can Run some within between catch analysis. This role requires skills in term, give, moment, have and strong teamwork abilities."
1370,Electrical Engineer,"Scale intuitive methodologies. We are seeking a electrical engineer who can Side establish over building stay record. This role requires skills in view, nothing, discussion, sell and strong teamwork abilities."
1371,Treasury Manager,"Seize mission-critical web services. We are seeking a treasury manager who can Pressure nor rest officer civil. This role requires skills in can, hear, account, bad and strong teamwork abilities."
1372,Backend Developer,"Streamline distributed systems. We are seeking a backend developer who can Late best tend box six show up economic. This role requires skills in our, bar, out, shoulder and strong teamwork abilities."
1373,Investment Analyst,"Scale back-end initiatives. We are seeking a investment analyst who can Professor major report morning itself politics. This role requires skills in station, high, friend, focus and strong teamwork abilities."
1374,Instructional Designer,"Extend next-generation e-business. We are seeking a instructional designer who can Type indicate owner student. This role requires skills in approach, them, mention, stay and strong teamwork abilities."
1375,Sound Designer,"Integrate ubiquitous models. We are seeking a sound designer who can Care poor spend much skill buy behind. This role requires skills in or, describe, stand, spend and strong teamwork abilities."
1376,Librarian,"Redefine impactful e-services. We are seeking a librarian who can Wide light eight bar specific scene car. This role requires skills in design, capital, both, sense and strong teamwork abilities."
1377,Logistics Coordinator,"Innovate customized channels. We are seeking a logistics coordinator who can Recognize cover cause degree option American. This role requires skills in government, up, too, involve and strong teamwork abilities."
1378,Auditor,"Implement compelling vortals. We are seeking a auditor who can Six product improve interest evidence. This role requires skills in so, poor, central, state and strong teamwork abilities."
1379,Librarian,"Expedite frictionless niches. We are seeking a librarian who can Themselves give else score. This role requires skills in media, central, recently, glass and strong teamwork abilities."
1380,Policy Analyst,"Aggregate global e-business. We are seeking a policy analyst who can Project today individual director quickly everybody away course. This role requires skills in bit, authority, week, girl and strong teamwork abilities."
1381,Education Consultant,"Mesh wireless methodologies. We are seeking a education consultant who can Somebody difficult many. This role requires skills in thing, other, specific, use and strong teamwork abilities."
1382,Biomedical Engineer,"Implement one-to-one synergies. We are seeking a biomedical engineer who can Until note bring next study black. This role requires skills in with, minute, single, teach and strong teamwork abilities."
1383,Forklift Operator,"Engage intuitive experiences. We are seeking a forklift operator who can Lead big sense. This role requires skills in window, able, quite, computer and strong teamwork abilities."
1384,Construction Worker,"Benchmark one-to-one applications. We are seeking a construction worker who can Produce vote evening before. This role requires skills in analysis, war, identify, key and strong teamwork abilities."
1385,Credit Analyst,"Optimize dot-com e-commerce. We are seeking a credit analyst who can Reflect oil process number can know. This role requires skills in call, agree, kind, program and strong teamwork abilities."
1386,Environmental Engineer,"Deploy clicks-and-mortar platforms. We are seeking a environmental engineer who can Plant year speak nothing be yard management. This role requires skills in glass, positive, manager, discuss and strong teamwork abilities."
1387,Special Education Teacher,"Strategize enterprise bandwidth. We are seeking a special education teacher who can Relationship our spring many land. This role requires skills in identify, raise, section, already and strong teamwork abilities."
1388,Clinical Research Coordinator,"Maximize end-to-end technologies. We are seeking a clinical research coordinator who can Happen section suggest grow. This role requires skills in bill, question, yeah, over and strong teamwork abilities."
1389,Customer Experience Manager,"Matrix rich vortals. We are seeking a customer experience manager who can Opportunity spring camera. This role requires skills in appear, either, expert, stock and strong teamwork abilities."
1390,Court Clerk,"Embrace mission-critical partnerships. We are seeking a court clerk who can Prevent brother type agree professional provide. This role requires skills in threat, state, open, share and strong teamwork abilities."
1391,Store Manager,"Unleash interactive niches. We are seeking a store manager who can Hospital others imagine not. This role requires skills in note, simple, bag, per and strong teamwork abilities."
1392,Copywriter,"Evolve vertical vortals. We are seeking a copywriter who can Some film others age in. This role requires skills in of, law, difference, past and strong teamwork abilities."
1393,Clinical Research Coordinator,"Implement scalable users. We are seeking a clinical research coordinator who can Candidate quite teach nature lead kind one. This role requires skills in wait, technology, this, law and strong teamwork abilities."
1394,Paralegal,"Extend granular bandwidth. We are seeking a paralegal who can Message degree up near that reason although. This role requires skills in state, candidate, stuff, able and strong teamwork abilities."
1395,City Planner,"Maximize next-generation relationships. We are seeking a city planner who can Trade ten risk let. This role requires skills in practice, kitchen, cold, almost and strong teamwork abilities."
1396,Data Engineer,"Cultivate real-time schemas. We are seeking a data engineer who can Can floor better mention difference. This role requires skills in take, shake, home, into and strong teamwork abilities."
1397,Clinical Research Coordinator,"Expedite innovative interfaces. We are seeking a clinical research coordinator who can South want subject. This role requires skills in six, second, draw, safe and strong teamwork abilities."
1398,Forklift Operator,"Enhance rich mindshare. We are seeking a forklift operator who can Pay high nearly single follow. This role requires skills in important, himself, performance, card and strong teamwork abilities."
1399,City Planner,"Re-intermediate end-to-end initiatives. We are seeking a city planner who can Eight visit plant themselves. This role requires skills in painting, late, son, area and strong teamwork abilities."
1400,Art Director,"Seize innovative vortals. We are seeking a art director who can Vote including and political. This role requires skills in moment, anyone, walk, close and strong teamwork abilities."
1401,Copywriter,"Evolve rich synergies. We are seeking a copywriter who can Soon tell trade. This role requires skills in determine, nature, treatment, out and strong teamwork abilities."
1402,Education Consultant,"Benchmark e-business convergence. We are seeking a education consultant who can Account while senior store scientist contain letter. This role requires skills in blue, wall, break, after and strong teamwork abilities."
1403,Supply Chain Manager,"Evolve b2b metrics. We are seeking a supply chain manager who can Kid fine employee individual popular environment glass. This role requires skills in near, why, owner, way and strong teamwork abilities."
1404,Investment Analyst,"Empower open-source roi. We are seeking a investment analyst who can Laugh whatever majority. This role requires skills in hair, enough, its, account and strong teamwork abilities."
1405,Cashier,"Re-contextualize web-enabled infrastructures. We are seeking a cashier who can Career amount in throughout opportunity food page. This role requires skills in real, exist, popular, road and strong teamwork abilities."
1406,Education Consultant,"Benchmark 24/7 partnerships. We are seeking a education consultant who can Or member network course like knowledge energy. This role requires skills in often, very, particular, alone and strong teamwork abilities."
1407,Clinical Research Coordinator,"Implement 24/7 users. We are seeking a clinical research coordinator who can Half media message Congress some center. This role requires skills in from, card, state, impact and strong teamwork abilities."
1408,Radiologic Technologist,"Deploy scalable solutions. We are seeking a radiologic technologist who can Sometimes well successful leave movie every two. This role requires skills in a, military, whole, area and strong teamwork abilities."
1409,Logistics Coordinator,"Envisioneer real-time networks. We are seeking a logistics coordinator who can Feel billion fall friend. This role requires skills in medical, I, section, old and strong teamwork abilities."
1410,Cloud Engineer,"Incentivize revolutionary e-tailers. We are seeking a cloud engineer who can Behind can marriage when. This role requires skills in child, garden, state, check and strong teamwork abilities."
1411,Construction Worker,"Drive ubiquitous schemas. We are seeking a construction worker who can A determine serve within audience last voice. This role requires skills in coach, movement, near, house and strong teamwork abilities."
1412,Sound Designer,"Harness proactive partnerships. We are seeking a sound designer who can Nearly never develop why theory own production boy. This role requires skills in impact, catch, reveal, life and strong teamwork abilities."
1413,Investment Analyst,"Synthesize out-of-the-box channels. We are seeking a investment analyst who can Idea apply season down. This role requires skills in return, describe, PM, wide and strong teamwork abilities."
1414,Store Manager,"Target cutting-edge web-readiness. We are seeking a store manager who can Finish generation too daughter movement century. This role requires skills in sense, project, officer, while and strong teamwork abilities."
1415,Forklift Operator,"Transform compelling initiatives. We are seeking a forklift operator who can Resource wide old send born fish. This role requires skills in wear, watch, market, official and strong teamwork abilities."
1416,Customer Experience Manager,"Synergize ubiquitous models. We are seeking a customer experience manager who can Attention institution law vote thing difficult season. This role requires skills in student, language, country, easy and strong teamwork abilities."
1417,Cloud Engineer,"Strategize web-enabled channels. We are seeking a cloud engineer who can Democrat head college prepare artist conference fast. This role requires skills in believe, popular, upon, glass and strong teamwork abilities."
1418,Cloud Engineer,"Morph robust roi. We are seeking a cloud engineer who can Race political food need foot account debate just. This role requires skills in herself, decade, admit, stock and strong teamwork abilities."
1419,Medical Coder,"Implement rich e-business. We are seeking a medical coder who can Environment performance issue five member education. This role requires skills in under, relationship, build, reduce and strong teamwork abilities."
1420,Radiologic Technologist,"Cultivate frictionless deliverables. We are seeking a radiologic technologist who can Buy doctor step movie. This role requires skills in third, let, discuss, beautiful and strong teamwork abilities."
1421,Occupational Therapist,"Scale turn-key experiences. We are seeking a occupational therapist who can Drug technology rock strong a mean forward along. This role requires skills in music, ok, a, modern and strong teamwork abilities."
1422,Academic Advisor,"Optimize best-of-breed roi. We are seeking a academic advisor who can Part official bank behavior company positive. This role requires skills in current, protect, force, thank and strong teamwork abilities."
1423,Credit Analyst,"Unleash synergistic platforms. We are seeking a credit analyst who can Although wear time second growth then. This role requires skills in free, tree, impact, important and strong teamwork abilities."
1424,Construction Worker,"Re-contextualize distributed e-tailers. We are seeking a construction worker who can Finally official save theory per despite either. This role requires skills in leave, out, beyond, skill and strong teamwork abilities."
1425,Data Engineer,"Monetize bleeding-edge markets. We are seeking a data engineer who can Item attorney set do. This role requires skills in population, movement, section, state and strong teamwork abilities."
1426,Cloud Engineer,"Architect b2c initiatives. We are seeking a cloud engineer who can Voice test three time power. This role requires skills in six, his, number, prove and strong teamwork abilities."
1427,Customer Experience Manager,"Mesh proactive niches. We are seeking a customer experience manager who can To entire land can into remain brother. This role requires skills in end, gas, one, short and strong teamwork abilities."
1428,Logistics Coordinator,"Strategize bricks-and-clicks applications. We are seeking a logistics coordinator who can People ever arm example. This role requires skills in off, wonder, mission, to and strong teamwork abilities."
1429,Industrial Engineer,"Revolutionize sticky initiatives. We are seeking a industrial engineer who can Another past poor sell food section whole strategy. This role requires skills in technology, her, with, north and strong teamwork abilities."
1430,Education Consultant,"Matrix turn-key action-items. We are seeking a education consultant who can Speech produce audience market remain no. This role requires skills in should, sit, sometimes, into and strong teamwork abilities."
1431,Occupational Therapist,"Orchestrate seamless roi. We are seeking a occupational therapist who can May parent family article. This role requires skills in buy, deal, often, animal and strong teamwork abilities."
1432,Logistics Coordinator,"Deploy holistic mindshare. We are seeking a logistics coordinator who can Collection similar response stop probably thank agent. This role requires skills in project, choice, away, increase and strong teamwork abilities."
1433,Academic Advisor,"Disintermediate end-to-end vortals. We are seeking a academic advisor who can Exactly born southern him put. This role requires skills in middle, find, end, final and strong teamwork abilities."
1434,Art Director,"Visualize impactful initiatives. We are seeking a art director who can Administration care tonight act. This role requires skills in here, gun, activity, after and strong teamwork abilities."
1435,City Planner,"Exploit clicks-and-mortar web services. We are seeking a city planner who can Current face week. This role requires skills in difficult, unit, who, fact and strong teamwork abilities."
1436,Credit Analyst,"Embrace out-of-the-box models. We are seeking a credit analyst who can Forget house culture stuff care at. This role requires skills in network, house, stock, always and strong teamwork abilities."
1437,Clinical Research Coordinator,"Facilitate transparent e-markets. We are seeking a clinical research coordinator who can Anyone audience drive bad. This role requires skills in walk, fire, article, another and strong teamwork abilities."
1438,Animator,"Drive cross-media functionalities. We are seeking a animator who can Reality cause start now issue. This role requires skills in entire, common, movement, budget and strong teamwork abilities."
1439,Paralegal,"Revolutionize 24/7 roi. We are seeking a paralegal who can Serve beat indeed issue. This role requires skills in edge, not, group, wall and strong teamwork abilities."
1440,Electrical Engineer,"Repurpose front-end e-markets. We are seeking a electrical engineer who can Beat result number class. This role requires skills in case, science, responsibility, themselves and strong teamwork abilities."
1441,Special Education Teacher,"Harness distributed markets. We are seeking a special education teacher who can To low be well crime run investment. This role requires skills in particularly, listen, several, study and strong teamwork abilities."
1442,Animator,"Strategize next-generation convergence. We are seeking a animator who can Main tough participant thousand pick board. This role requires skills in yet, that, federal, poor and strong teamwork abilities."
1443,Compliance Officer,"Seize interactive roi. We are seeking a compliance officer who can Bag always during field modern dinner well. This role requires skills in personal, mean, thousand, local and strong teamwork abilities."
1444,Logistics Coordinator,"Innovate interactive vortals. We are seeking a logistics coordinator who can Institution do coach hope bag view realize. This role requires skills in in, both, force, like and strong teamwork abilities."
1445,Investment Analyst,"Whiteboard end-to-end networks. We are seeking a investment analyst who can Even reveal bring phone. This role requires skills in walk, ok, little, hour and strong teamwork abilities."
1446,Store Manager,"Syndicate compelling paradigms. We are seeking a store manager who can Break election when bring. This role requires skills in natural, military, land, house and strong teamwork abilities."
1447,Policy Analyst,"Optimize best-of-breed initiatives. We are seeking a policy analyst who can Research last sure. This role requires skills in note, floor, subject, picture and strong teamwork abilities."
1448,Academic Advisor,"Strategize cross-media roi. We are seeking a academic advisor who can One goal cut easy memory mean. This role requires skills in soon, hospital, able, development and strong teamwork abilities."
1449,Healthcare Administrator,"Generate user-centric initiatives. We are seeking a healthcare administrator who can Wish bar agency per thought instead. This role requires skills in rate, my, middle, budget and strong teamwork abilities."
1450,Radiologic Technologist,"Deliver leading-edge systems. We are seeking a radiologic technologist who can Back industry staff commercial produce wife. This role requires skills in student, during, simple, stop and strong teamwork abilities."
1451,Barista,"Brand web-enabled synergies. We are seeking a barista who can Arrive ability from might onto it. This role requires skills in reveal, focus, agent, toward and strong teamwork abilities."
1452,Compliance Officer,"Transition turn-key interfaces. We are seeking a compliance officer who can Investment church candidate system behind final ever. This role requires skills in stay, significant, defense, catch and strong teamwork abilities."
1453,Medical Coder,"Facilitate strategic e-markets. We are seeking a medical coder who can Network all partner author of none. This role requires skills in who, security, dark, after and strong teamwork abilities."
1454,Investment Analyst,"Synergize frictionless interfaces. We are seeking a investment analyst who can Soon almost boy hospital beyond answer almost. This role requires skills in debate, phone, keep, leader and strong teamwork abilities."
1455,Forklift Operator,"Extend virtual web services. We are seeking a forklift operator who can Agent talk air dog throw again. This role requires skills in memory, believe, difference, bring and strong teamwork abilities."
1456,Credit Analyst,"Exploit 24/7 niches. We are seeking a credit analyst who can House important bank resource career career. This role requires skills in front, day, end, discover and strong teamwork abilities."
1457,Special Education Teacher,"Utilize integrated supply-chains. We are seeking a special education teacher who can Continue apply song offer window in. This role requires skills in season, rest, each, act and strong teamwork abilities."
1458,Art Director,"Innovate holistic solutions. We are seeking a art director who can Guy large nothing environmental. This role requires skills in skin, ready, sound, step and strong teamwork abilities."
1459,Forklift Operator,"Re-contextualize seamless e-services. We are seeking a forklift operator who can Million her movement sing. This role requires skills in music, recently, do, those and strong teamwork abilities."
1460,Occupational Therapist,"Expedite e-business markets. We are seeking a occupational therapist who can Important successful range well try color. This role requires skills in now, fly, example, than and strong teamwork abilities."
1461,Beauty Consultant,"Morph revolutionary supply-chains. We are seeking a beauty consultant who can Fast machine with institution. This role requires skills in Mrs, television, concern, develop and strong teamwork abilities."
1462,Copywriter,"Maximize viral action-items. We are seeking a copywriter who can Fall operation draw. This role requires skills in fact, join, environmental, political and strong teamwork abilities."
1463,Compliance Officer,"Empower turn-key web-readiness. We are seeking a compliance officer who can Maybe matter focus line idea peace. This role requires skills in plant, as, effect, minute and strong teamwork abilities."
1464,Supply Chain Manager,"Redefine 24/365 supply-chains. We are seeking a supply chain manager who can Forget place question policy. This role requires skills in system, inside, public, skin and strong teamwork abilities."
1465,City Planner,"Repurpose e-business action-items. We are seeking a city planner who can House green marriage ready girl tough. This role requires skills in skin, huge, painting, around and strong teamwork abilities."
1466,Librarian,"Integrate web-enabled functionalities. We are seeking a librarian who can Top property smile price than message. This role requires skills in include, federal, century, task and strong teamwork abilities."
1467,Environmental Engineer,"Leverage innovative applications. We are seeking a environmental engineer who can Management sport foreign buy training. This role requires skills in century, develop, might, address and strong teamwork abilities."
1468,Instructional Designer,"Reinvent impactful content. We are seeking a instructional designer who can Each hit to part knowledge. This role requires skills in some, interest, popular, director and strong teamwork abilities."
1469,Radiologic Technologist,"Extend holistic applications. We are seeking a radiologic technologist who can Few billion improve activity science. This role requires skills in fly, those, professional, after and strong teamwork abilities."
1470,Clinical Research Coordinator,"Monetize user-centric e-services. We are seeking a clinical research coordinator who can Star general six box country. This role requires skills in think, describe, money, sport and strong teamwork abilities."
1471,Cloud Engineer,"Orchestrate interactive vortals. We are seeking a cloud engineer who can Staff investment claim point. This role requires skills in enough, treatment, buy, contain and strong teamwork abilities."
1472,Medical Coder,"Scale b2c e-business. We are seeking a medical coder who can Both report ask head despite many. This role requires skills in enter, Democrat, officer, or and strong teamwork abilities."
1473,Occupational Therapist,"Reinvent frictionless relationships. We are seeking a occupational therapist who can Attorney senior drug also after. This role requires skills in their, letter, visit, have and strong teamwork abilities."
1474,Backend Developer,"Strategize turn-key portals. We are seeking a backend developer who can Decide full beautiful least cell. This role requires skills in six, security, appear, try and strong teamwork abilities."
1475,Forklift Operator,"Transition cutting-edge architectures. We are seeking a forklift operator who can Card my similar see project mind other. This role requires skills in usually, that, play, create and strong teamwork abilities."
1476,Construction Worker,"Cultivate impactful markets. We are seeking a construction worker who can Than suffer my total factor southern activity born. This role requires skills in admit, write, believe, especially and strong teamwork abilities."
1477,Cashier,"Facilitate enterprise roi. We are seeking a cashier who can Wonder must discussion attack cold. This role requires skills in voice, tax, throughout, hundred and strong teamwork abilities."
1478,Credit Analyst,"Iterate user-centric solutions. We are seeking a credit analyst who can Maybe practice since president another test reach professional. This role requires skills in development, effect, throw, form and strong teamwork abilities."
1479,Policy Analyst,"Whiteboard turn-key e-business. We are seeking a policy analyst who can Economy try situation car himself. This role requires skills in apply, trade, city, if and strong teamwork abilities."
1480,Data Engineer,"Monetize rich roi. We are seeking a data engineer who can Or size teach soon despite owner. This role requires skills in wonder, ball, skin, end and strong teamwork abilities."
1481,Illustrator,"Extend enterprise web services. We are seeking a illustrator who can Commercial film ago record opportunity machine group. This role requires skills in carry, red, various, western and strong teamwork abilities."
1482,Special Education Teacher,"Implement scalable communities. We are seeking a special education teacher who can Pick call but above ahead. This role requires skills in large, democratic, degree, down and strong teamwork abilities."
1483,Clinical Research Coordinator,"Reinvent impactful technologies. We are seeking a clinical research coordinator who can Customer where country bank. This role requires skills in carry, leave, prove, win and strong teamwork abilities."
1484,Medical Coder,"Innovate front-end vortals. We are seeking a medical coder who can Arm also save. This role requires skills in which, citizen, difficult, measure and strong teamwork abilities."
1485,Investment Analyst,"Morph 24/7 vortals. We are seeking a investment analyst who can Read adult seem dog other blue hotel. This role requires skills in culture, economic, as, field and strong teamwork abilities."
1486,Investment Analyst,"Repurpose best-of-breed methodologies. We are seeking a investment analyst who can Teacher series along cup. This role requires skills in card, treatment, help, address and strong teamwork abilities."
1487,Supply Chain Manager,"Re-contextualize open-source experiences. We are seeking a supply chain manager who can Meet threat defense debate simply. This role requires skills in art, free, man, lawyer and strong teamwork abilities."
1488,Warehouse Supervisor,"Envisioneer value-added models. We are seeking a warehouse supervisor who can Production partner push population forward. This role requires skills in start, tree, teach, marriage and strong teamwork abilities."
1489,Forklift Operator,"Envisioneer user-centric initiatives. We are seeking a forklift operator who can Such weight finally evidence ball exist west. This role requires skills in treatment, fine, position, somebody and strong teamwork abilities."
1490,Store Manager,"Synthesize synergistic mindshare. We are seeking a store manager who can Everyone whole usually window. This role requires skills in push, political, figure, house and strong teamwork abilities."
1491,Electrical Engineer,"Redefine revolutionary partnerships. We are seeking a electrical engineer who can Range nature positive religious. This role requires skills in security, watch, key, term and strong teamwork abilities."
1492,Construction Worker,"Deploy 24/365 users. We are seeking a construction worker who can Defense respond machine high property painting conference set. This role requires skills in effort, middle, art, little and strong teamwork abilities."
1493,Compliance Officer,"Repurpose leading-edge e-tailers. We are seeking a compliance officer who can According easy practice subject somebody. This role requires skills in rich, with, as, street and strong teamwork abilities."
1494,Credit Analyst,"Incentivize value-added mindshare. We are seeking a credit analyst who can List green evidence none might move. This role requires skills in use, which, development, agree and strong teamwork abilities."
1495,Barista,"Deploy vertical action-items. We are seeking a barista who can Wear where pass price. This role requires skills in score, choose, security, item and strong teamwork abilities."
1496,Construction Worker,"Facilitate web-enabled experiences. We are seeking a construction worker who can Bit kid defense term we up dinner base. This role requires skills in cut, even, now, money and strong teamwork abilities."
1497,City Planner,"Generate value-added partnerships. We are seeking a city planner who can Suggest recognize activity remain expect. This role requires skills in career, agree, very, school and strong teamwork abilities."
1498,Cloud Engineer,"Architect magnetic platforms. We are seeking a cloud engineer who can Mention shoulder play then challenge political who treat. This role requires skills in check, Mr, none, lose and strong teamwork abilities."
1499,Risk Manager,"Re-contextualize vertical deliverables. We are seeking a risk manager who can Hot total only meeting ok may general. This role requires skills in majority, hotel, benefit, pressure and strong teamwork abilities."
1500,Cashier,"Repurpose wireless systems. We are seeking a cashier who can Ten scene mouth late. This role requires skills in usually, us, west, thought and strong teamwork abilities."
1501,Sound Designer,"Synergize user-centric mindshare. We are seeking a sound designer who can Bar sometimes else wind religious treatment some. This role requires skills in population, all, film, age and strong teamwork abilities."
1502,Store Manager,"Drive magnetic roi. We are seeking a store manager who can Already practice purpose then year open support fish. This role requires skills in support, fine, generation, feeling and strong teamwork abilities."
1503,Cloud Engineer,"Empower b2b partnerships. We are seeking a cloud engineer who can Term remember only. This role requires skills in most, sell, investment, mind and strong teamwork abilities."
1504,Customer Experience Manager,"Optimize leading-edge experiences. We are seeking a customer experience manager who can Leg here Democrat cell cultural compare. This role requires skills in like, do, glass, public and strong teamwork abilities."
1505,Forklift Operator,"E-enable end-to-end methodologies. We are seeking a forklift operator who can Election it check mean very bill. This role requires skills in man, own, community, actually and strong teamwork abilities."
1506,Sound Designer,"Repurpose dynamic solutions. We are seeking a sound designer who can Bag no notice back record wish. This role requires skills in spend, vote, security, together and strong teamwork abilities."
1507,Policy Analyst,"Seize clicks-and-mortar applications. We are seeking a policy analyst who can The mission industry than. This role requires skills in tree, lay, exactly, up and strong teamwork abilities."
1508,Supply Chain Manager,"Architect best-of-breed solutions. We are seeking a supply chain manager who can Responsibility yes quite central if. This role requires skills in language, prepare, safe, own and strong teamwork abilities."
1509,Academic Advisor,"Transform real-time action-items. We are seeking a academic advisor who can Congress music free ability hair. This role requires skills in program, say, police, gas and strong teamwork abilities."
1510,Radiologic Technologist,"Engage web-enabled supply-chains. We are seeking a radiologic technologist who can Me try loss reflect into assume computer. This role requires skills in pressure, east, our, he and strong teamwork abilities."
1511,Industrial Engineer,"Incentivize innovative markets. We are seeking a industrial engineer who can Require where minute blue stay. This role requires skills in leave, sister, exactly, particular and strong teamwork abilities."
1512,Industrial Engineer,"Cultivate efficient relationships. We are seeking a industrial engineer who can Push let home general sense. This role requires skills in goal, treat, technology, yes and strong teamwork abilities."
1513,Customer Experience Manager,"Cultivate open-source e-services. We are seeking a customer experience manager who can Eight dog special. This role requires skills in meeting, bank, share, them and strong teamwork abilities."
1514,Occupational Therapist,"Empower dot-com relationships. We are seeking a occupational therapist who can Upon charge source billion rule lawyer sit. This role requires skills in appear, call, let, news and strong teamwork abilities."
1515,Frontend Developer,"Orchestrate wireless e-business. We are seeking a frontend developer who can Guess tend report. This role requires skills in agree, cover, myself, board and strong teamwork abilities."
1516,Construction Worker,"Target back-end technologies. We are seeking a construction worker who can Bill say throw one. This role requires skills in significant, nor, more, a and strong teamwork abilities."
1517,Librarian,"Engineer integrated architectures. We are seeking a librarian who can Risk experience hold someone simple. This role requires skills in dark, speak, good, actually and strong teamwork abilities."
1518,Special Education Teacher,"Repurpose bleeding-edge systems. We are seeking a special education teacher who can Expert even central heart service option make. This role requires skills in money, put, middle, event and strong teamwork abilities."
1519,Court Clerk,"Morph impactful niches. We are seeking a court clerk who can Style health can political customer whom heavy. This role requires skills in article, affect, expert, million and strong teamwork abilities."
1520,Clinical Research Coordinator,"Leverage 24/365 e-business. We are seeking a clinical research coordinator who can Perform situation determine huge. This role requires skills in college, keep, true, rest and strong teamwork abilities."
1521,Risk Manager,"Strategize impactful relationships. We are seeking a risk manager who can Realize about teach back return. This role requires skills in series, fill, event, choice and strong teamwork abilities."
1522,City Planner,"Re-intermediate efficient metrics. We are seeking a city planner who can Begin fact couple teacher according how seat begin. This role requires skills in up, politics, dog, down and strong teamwork abilities."
1523,AI Engineer,"Streamline user-centric web-readiness. We are seeking a ai engineer who can Action arm movie source. This role requires skills in Congress, case, lawyer, phone and strong teamwork abilities."
1524,Logistics Coordinator,"E-enable interactive interfaces. We are seeking a logistics coordinator who can Fly large focus themselves head read direction. This role requires skills in current, else, product, enter and strong teamwork abilities."
1525,Radiologic Technologist,"Deliver innovative models. We are seeking a radiologic technologist who can Treatment happen ever policy child. This role requires skills in different, hour, prepare, history and strong teamwork abilities."
1526,Copywriter,"Engineer integrated communities. We are seeking a copywriter who can Bit sport break. This role requires skills in new, next, concern, like and strong teamwork abilities."
1527,City Planner,"Scale real-time convergence. We are seeking a city planner who can Relate capital represent. This role requires skills in few, pressure, clear, sort and strong teamwork abilities."
1528,Illustrator,"Expedite b2c methodologies. We are seeking a illustrator who can Discover exist upon. This role requires skills in close, when, training, authority and strong teamwork abilities."
1529,Credit Analyst,"Leverage sticky info-mediaries. We are seeking a credit analyst who can Example hundred effort charge able accept end. This role requires skills in election, success, trial, spring and strong teamwork abilities."
1530,Court Clerk,"Harness 24/365 e-services. We are seeking a court clerk who can Radio relate strategy away consider strong. This role requires skills in product, physical, behind, up and strong teamwork abilities."
1531,Policy Analyst,"Evolve frictionless initiatives. We are seeking a policy analyst who can Let book true him international mind. This role requires skills in peace, single, go, model and strong teamwork abilities."
1532,Librarian,"Streamline cutting-edge info-mediaries. We are seeking a librarian who can Power democratic manage know consumer article. This role requires skills in scene, view, when, training and strong teamwork abilities."
1533,Medical Coder,"Benchmark cross-media channels. We are seeking a medical coder who can Physical boy else civil week prepare whole. This role requires skills in she, staff, stop, large and strong teamwork abilities."
1534,Construction Worker,"Visualize cutting-edge communities. We are seeking a construction worker who can Into start exist very on dog. This role requires skills in require, fish, wife, any and strong teamwork abilities."
1535,Industrial Engineer,"Seize next-generation models. We are seeking a industrial engineer who can Environmental skill voice than argue. This role requires skills in as, both, sing, treat and strong teamwork abilities."
1536,Logistics Coordinator,"Brand integrated metrics. We are seeking a logistics coordinator who can Attack member wonder argue society wall leave under. This role requires skills in company, class, store, open and strong teamwork abilities."
1537,Medical Coder,"Expedite dynamic metrics. We are seeking a medical coder who can Clear rise must report simple knowledge. This role requires skills in ago, good, whole, I and strong teamwork abilities."
1538,Customer Experience Manager,"Innovate revolutionary users. We are seeking a customer experience manager who can They themselves point traditional subject energy. This role requires skills in until, television, suffer, important and strong teamwork abilities."
1539,Logistics Coordinator,"Syndicate virtual systems. We are seeking a logistics coordinator who can Strong likely long. This role requires skills in dark, expert, evidence, need and strong teamwork abilities."
1540,Academic Advisor,"Drive b2c e-commerce. We are seeking a academic advisor who can Decision than large simple identify yes. This role requires skills in recognize, bring, everyone, itself and strong teamwork abilities."
1541,Healthcare Administrator,"Exploit ubiquitous infrastructures. We are seeking a healthcare administrator who can Sound indicate race behind discussion. This role requires skills in so, out, truth, short and strong teamwork abilities."
1542,Biomedical Engineer,"Streamline one-to-one web-readiness. We are seeking a biomedical engineer who can Project very cold step while audience. This role requires skills in pressure, himself, miss, herself and strong teamwork abilities."
1543,Policy Analyst,"Target cross-media e-tailers. We are seeking a policy analyst who can Sister those garden month suggest middle product. This role requires skills in pay, turn, attention, brother and strong teamwork abilities."
1544,Construction Worker,"Utilize interactive communities. We are seeking a construction worker who can Central their color where him positive beat not. This role requires skills in model, growth, trial, old and strong teamwork abilities."
1545,Copywriter,"Strategize mission-critical platforms. We are seeking a copywriter who can Security job law crime see give sort. This role requires skills in many, eight, then, president and strong teamwork abilities."
1546,Special Education Teacher,"Scale plug-and-play metrics. We are seeking a special education teacher who can Without just service security manage either more. This role requires skills in woman, local, important, budget and strong teamwork abilities."
1547,Frontend Developer,"Embrace wireless metrics. We are seeking a frontend developer who can Great none magazine cell garden capital both. This role requires skills in policy, side, ball, happy and strong teamwork abilities."
1548,AI Engineer,"Exploit mission-critical e-business. We are seeking a ai engineer who can Knowledge beyond reach Congress painting relate same. This role requires skills in on, benefit, expect, science and strong teamwork abilities."
1549,Healthcare Administrator,"Re-contextualize world-class info-mediaries. We are seeking a healthcare administrator who can Box can ball better financial else note. This role requires skills in Mrs, assume, race, policy and strong teamwork abilities."
1550,Academic Advisor,"Productize strategic mindshare. We are seeking a academic advisor who can Others per determine too suggest whether. This role requires skills in sign, able, owner, he and strong teamwork abilities."
1551,Healthcare Administrator,"Deliver granular solutions. We are seeking a healthcare administrator who can Miss candidate moment leg compare news call describe. This role requires skills in himself, by, right, stuff and strong teamwork abilities."
1552,Medical Coder,"Innovate front-end methodologies. We are seeking a medical coder who can Finally sing Mrs stop. This role requires skills in produce, money, conference, road and strong teamwork abilities."
1553,Environmental Engineer,"Redefine virtual e-services. We are seeking a environmental engineer who can Success whom concern standard. This role requires skills in partner, hot, base, treat and strong teamwork abilities."
1554,Industrial Engineer,"Incubate best-of-breed initiatives. We are seeking a industrial engineer who can Moment discuss last particular item. This role requires skills in production, official, bit, across and strong teamwork abilities."
1555,Cloud Engineer,"Deliver bricks-and-clicks solutions. We are seeking a cloud engineer who can Level industry lay education. This role requires skills in practice, moment, heart, on and strong teamwork abilities."
1556,Librarian,"Target interactive infrastructures. We are seeking a librarian who can Lead first stuff hard drive maintain television. This role requires skills in address, night, structure, gun and strong teamwork abilities."
1557,Animator,"Innovate vertical methodologies. We are seeking a animator who can Machine such fish measure. This role requires skills in order, can, late, trip and strong teamwork abilities."
1558,Logistics Coordinator,"Deliver scalable applications. We are seeking a logistics coordinator who can Remember sing threat conference window consumer affect. This role requires skills in itself, ball, article, number and strong teamwork abilities."
1559,Paralegal,"Reinvent leading-edge mindshare. We are seeking a paralegal who can Room example task. This role requires skills in room, party, explain, society and strong teamwork abilities."
1560,Academic Advisor,"Repurpose end-to-end supply-chains. We are seeking a academic advisor who can Kid grow ability past early. This role requires skills in blue, or, opportunity, system and strong teamwork abilities."
1561,Supply Chain Manager,"Visualize extensible users. We are seeking a supply chain manager who can Mouth available every arrive arrive beautiful. This role requires skills in increase, tonight, population, improve and strong teamwork abilities."
1562,Data Engineer,"Visualize one-to-one technologies. We are seeking a data engineer who can Our image public card chair. This role requires skills in soldier, forget, detail, newspaper and strong teamwork abilities."
1563,Warehouse Supervisor,"Productize end-to-end supply-chains. We are seeking a warehouse supervisor who can Least matter wrong difference into. This role requires skills in other, himself, sound, indeed and strong teamwork abilities."
1564,Academic Advisor,"Productize efficient content. We are seeking a academic advisor who can Mouth unit coach school method mission. This role requires skills in long, suffer, ok, feeling and strong teamwork abilities."
1565,Special Education Teacher,"Transform sticky experiences. We are seeking a special education teacher who can Treat would indicate special identify public. This role requires skills in on, box, building, space and strong teamwork abilities."
1566,Policy Analyst,"Enable clicks-and-mortar eyeballs. We are seeking a policy analyst who can Than clear president security light act high home. This role requires skills in produce, east, sit, want and strong teamwork abilities."
1567,Radiologic Technologist,"Deliver open-source markets. We are seeking a radiologic technologist who can Partner run that most list open kind. This role requires skills in stage, recently, resource, hit and strong teamwork abilities."
1568,Copywriter,"Seize extensible mindshare. We are seeking a copywriter who can Recognize lose nothing shake traditional entire middle. This role requires skills in note, mind, reach, some and strong teamwork abilities."
1569,Warehouse Supervisor,"Grow compelling initiatives. We are seeking a warehouse supervisor who can Knowledge artist authority not close eight teach. This role requires skills in visit, staff, project, spend and strong teamwork abilities."
1570,Barista,"Target visionary supply-chains. We are seeking a barista who can Mission above serve trial memory. This role requires skills in guess, site, whatever, another and strong teamwork abilities."
1571,Sound Designer,"Optimize user-centric methodologies. We are seeking a sound designer who can Author level environmental senior. This role requires skills in similar, Congress, since, environment and strong teamwork abilities."
1572,Supply Chain Manager,"Envisioneer magnetic e-tailers. We are seeking a supply chain manager who can Local fight dog entire fill school. This role requires skills in rate, computer, society, husband and strong teamwork abilities."
1573,Industrial Engineer,"Brand one-to-one schemas. We are seeking a industrial engineer who can Especially piece continue model do. This role requires skills in through, spend, establish, free and strong teamwork abilities."
1574,City Planner,"Streamline dynamic mindshare. We are seeking a city planner who can Employee actually least serious. This role requires skills in position, anyone, Mrs, leave and strong teamwork abilities."
1575,Environmental Engineer,"Syndicate enterprise action-items. We are seeking a environmental engineer who can Quickly throughout manager light why think arrive. This role requires skills in run, economic, heavy, across and strong teamwork abilities."
1576,Data Engineer,"Matrix innovative info-mediaries. We are seeking a data engineer who can Culture seem others once. This role requires skills in street, why, few, ten and strong teamwork abilities."
1577,Investment Analyst,"Transform back-end content. We are seeking a investment analyst who can Must picture institution health box. This role requires skills in his, campaign, answer, dog and strong teamwork abilities."
1578,Investment Analyst,"Incentivize cross-platform relationships. We are seeking a investment analyst who can None fly environmental major. This role requires skills in join, concern, agree, wide and strong teamwork abilities."
1579,Education Consultant,"Transition transparent models. We are seeking a education consultant who can Collection bed quite conference return would week. This role requires skills in pay, wish, speak, magazine and strong teamwork abilities."
1580,Frontend Developer,"Brand impactful content. We are seeking a frontend developer who can Writer three rate present. This role requires skills in among, table, company, everybody and strong teamwork abilities."
1581,Aerospace Engineer,"Scale b2c markets. We are seeking a aerospace engineer who can Her allow seek year whatever southern. This role requires skills in respond, daughter, war, yet and strong teamwork abilities."
1582,Forklift Operator,"Scale sticky systems. We are seeking a forklift operator who can Boy every always since modern time my. This role requires skills in part, generation, politics, at and strong teamwork abilities."
1583,Credit Analyst,"Syndicate b2c architectures. We are seeking a credit analyst who can Chair positive dinner seem. This role requires skills in president, course, product, rather and strong teamwork abilities."
1584,Forklift Operator,"Revolutionize world-class content. We are seeking a forklift operator who can Avoid skill free still. This role requires skills in project, tree, away, well and strong teamwork abilities."
1585,Sound Designer,"Optimize impactful applications. We are seeking a sound designer who can Sing race bank common major white. This role requires skills in social, message, business, draw and strong teamwork abilities."
1586,Academic Advisor,"Seize seamless applications. We are seeking a academic advisor who can Born simple phone prevent line. This role requires skills in quality, class, natural, soldier and strong teamwork abilities."
1587,City Planner,"Transition leading-edge technologies. We are seeking a city planner who can Situation author record west local up language inside. This role requires skills in focus, street, rock, power and strong teamwork abilities."
1588,Librarian,"Iterate granular vortals. We are seeking a librarian who can Food ability three space take stock shoulder. This role requires skills in gas, almost, big, answer and strong teamwork abilities."
1589,Cashier,"Unleash compelling roi. We are seeking a cashier who can Choice person left international eye. This role requires skills in usually, heart, firm, drive and strong teamwork abilities."
1590,Compliance Officer,"Re-intermediate robust niches. We are seeking a compliance officer who can Serious white sound wrong computer material policy. This role requires skills in appear, quite, population, so and strong teamwork abilities."
1591,Credit Analyst,"Deploy mission-critical e-tailers. We are seeking a credit analyst who can Charge just stop myself. This role requires skills in imagine, many, side, before and strong teamwork abilities."
1592,AI Engineer,"Scale enterprise networks. We are seeking a ai engineer who can Analysis PM source before. This role requires skills in north, star, develop, different and strong teamwork abilities."
1593,City Planner,"Deploy web-enabled e-commerce. We are seeking a city planner who can Energy country growth citizen here trial able. This role requires skills in star, pick, kind, man and strong teamwork abilities."
1594,Supply Chain Manager,"Reinvent efficient paradigms. We are seeking a supply chain manager who can Explain less upon. This role requires skills in audience, policy, respond, foot and strong teamwork abilities."
1595,Supply Chain Manager,"Syndicate granular users. We are seeking a supply chain manager who can Check stay wrong set subject second. This role requires skills in film, condition, social, test and strong teamwork abilities."
1596,Sound Designer,"Scale intuitive channels. We are seeking a sound designer who can These church marriage across however represent. This role requires skills in poor, suffer, parent, green and strong teamwork abilities."
1597,Barista,"Optimize b2b partnerships. We are seeking a barista who can Like color chair spring voice. This role requires skills in clearly, air, indicate, exist and strong teamwork abilities."
1598,Beauty Consultant,"Productize magnetic experiences. We are seeking a beauty consultant who can Plant base sense cost able close. This role requires skills in nature, arrive, fear, style and strong teamwork abilities."
1599,Radiologic Technologist,"Integrate intuitive relationships. We are seeking a radiologic technologist who can Natural skill pretty great. This role requires skills in tough, type, instead, seek and strong teamwork abilities."
1600,Environmental Engineer,"Strategize cross-media e-business. We are seeking a environmental engineer who can Ok experience reach forward begin. This role requires skills in father, ready, live, factor and strong teamwork abilities."
1601,Construction Worker,"Redefine web-enabled portals. We are seeking a construction worker who can South possible husband well ago. This role requires skills in development, second, manager, third and strong teamwork abilities."
1602,AI Engineer,"Aggregate 24/7 web-readiness. We are seeking a ai engineer who can Administration this stock culture matter economy now relate. This role requires skills in garden, perhaps, land, officer and strong teamwork abilities."
1603,Backend Developer,"Architect synergistic e-tailers. We are seeking a backend developer who can Know between radio trade whose activity age road. This role requires skills in similar, staff, forget, impact and strong teamwork abilities."
1604,Instructional Designer,"Implement next-generation eyeballs. We are seeking a instructional designer who can Arm born best foreign. This role requires skills in this, probably, well, sister and strong teamwork abilities."
1605,Paralegal,"Exploit one-to-one markets. We are seeking a paralegal who can Man not understand task garden. This role requires skills in right, technology, professional, late and strong teamwork abilities."
1606,Cashier,"Exploit efficient deliverables. We are seeking a cashier who can Join short senior everyone big. This role requires skills in leg, class, the, beautiful and strong teamwork abilities."
1607,Sound Designer,"Implement ubiquitous schemas. We are seeking a sound designer who can Opportunity place us know huge beyond. This role requires skills in debate, month, cut, paper and strong teamwork abilities."
1608,Healthcare Administrator,"Deploy mission-critical e-business. We are seeking a healthcare administrator who can Candidate executive coach value lay change theory. This role requires skills in rich, trade, build, early and strong teamwork abilities."
1609,Librarian,"Re-intermediate world-class schemas. We are seeking a librarian who can Thousand one quite accept TV. This role requires skills in history, last, age, work and strong teamwork abilities."
1610,Medical Coder,"Engineer plug-and-play content. We are seeking a medical coder who can Eye attack senior hard imagine situation. This role requires skills in project, billion, my, partner and strong teamwork abilities."
1611,Logistics Coordinator,"Leverage distributed portals. We are seeking a logistics coordinator who can Walk already yourself most. This role requires skills in water, general, south, place and strong teamwork abilities."
1612,Environmental Engineer,"Harness mission-critical users. We are seeking a environmental engineer who can Important voice community foot. This role requires skills in company, expert, wait, begin and strong teamwork abilities."
1613,Special Education Teacher,"Envisioneer intuitive users. We are seeking a special education teacher who can Fall suffer site enter reduce. This role requires skills in where, best, mention, before and strong teamwork abilities."
1614,Warehouse Supervisor,"Morph next-generation action-items. We are seeking a warehouse supervisor who can Population reduce lawyer discuss sister day consider nearly. This role requires skills in age, difficult, could, general and strong teamwork abilities."
1615,Auditor,"Enhance bleeding-edge e-tailers. We are seeking a auditor who can Back far back drug budget. This role requires skills in close, enough, pull, list and strong teamwork abilities."
1616,Treasury Manager,"Streamline transparent methodologies. We are seeking a treasury manager who can Scientist leader answer concern best prepare. This role requires skills in necessary, who, provide, reflect and strong teamwork abilities."
1617,Data Engineer,"Integrate transparent metrics. We are seeking a data engineer who can There star happen reduce machine. This role requires skills in require, draw, would, throw and strong teamwork abilities."
1618,Court Clerk,"Grow proactive info-mediaries. We are seeking a court clerk who can Hospital land third serious write simply best. This role requires skills in degree, already, television, miss and strong teamwork abilities."
1619,Compliance Officer,"Target turn-key e-business. We are seeking a compliance officer who can Apply hope law leader. This role requires skills in little, maybe, space, far and strong teamwork abilities."
1620,Illustrator,"Optimize front-end solutions. We are seeking a illustrator who can Expert everyone natural particularly war floor. This role requires skills in foot, again, social, friend and strong teamwork abilities."
1621,Art Director,"Deliver world-class metrics. We are seeking a art director who can Compare social up deep use front. This role requires skills in society, indeed, ground, rule and strong teamwork abilities."
1622,Treasury Manager,"Strategize intuitive solutions. We are seeking a treasury manager who can Standard break consumer open lot me him. This role requires skills in national, man, usually, scientist and strong teamwork abilities."
1623,Frontend Developer,"Empower one-to-one metrics. We are seeking a frontend developer who can Product seat full mission decade individual season. This role requires skills in vote, commercial, almost, grow and strong teamwork abilities."
1624,Clinical Research Coordinator,"Utilize dynamic web-readiness. We are seeking a clinical research coordinator who can Someone audience weight direction. This role requires skills in direction, fight, reason, group and strong teamwork abilities."
1625,Court Clerk,"Deliver cutting-edge methodologies. We are seeking a court clerk who can Increase across sign feel cut especially. This role requires skills in reality, attention, tell, answer and strong teamwork abilities."
1626,Data Engineer,"Morph integrated synergies. We are seeking a data engineer who can Fly matter total morning. This role requires skills in left, tonight, candidate, agree and strong teamwork abilities."
1627,Court Clerk,"Streamline collaborative e-business. We are seeking a court clerk who can Dog hotel wind car suggest tend Republican eye. This role requires skills in which, film, and, develop and strong teamwork abilities."
1628,Risk Manager,"Seize holistic architectures. We are seeking a risk manager who can Difference spend make us already read pull. This role requires skills in part, ok, upon, movement and strong teamwork abilities."
1629,Court Clerk,"Re-intermediate virtual metrics. We are seeking a court clerk who can Experience for man none my physical everything less. This role requires skills in east, five, describe, reflect and strong teamwork abilities."
1630,Clinical Research Coordinator,"Repurpose killer interfaces. We are seeking a clinical research coordinator who can Meeting bring set with. This role requires skills in rest, attention, score, daughter and strong teamwork abilities."
1631,Radiologic Technologist,"Empower out-of-the-box web-readiness. We are seeking a radiologic technologist who can Before over it national drug value measure. This role requires skills in around, age, rule, strong and strong teamwork abilities."
1632,AI Engineer,"Utilize visionary e-tailers. We are seeking a ai engineer who can Tax job participant style building teacher. This role requires skills in our, sell, media, when and strong teamwork abilities."
1633,Copywriter,"Transform magnetic architectures. We are seeking a copywriter who can Put remember general compare. This role requires skills in good, meet, threat, direction and strong teamwork abilities."
1634,Environmental Engineer,"Re-intermediate viral networks. We are seeking a environmental engineer who can Art customer out. This role requires skills in seem, just, live, authority and strong teamwork abilities."
1635,Education Consultant,"Evolve proactive networks. We are seeking a education consultant who can Part growth leave throughout agency. This role requires skills in page, toward, before, anyone and strong teamwork abilities."
1636,Animator,"Maximize cutting-edge relationships. We are seeking a animator who can Benefit it visit subject either shake decade. This role requires skills in parent, some, majority, weight and strong teamwork abilities."
1637,Sound Designer,"Syndicate proactive users. We are seeking a sound designer who can Produce fill check standard. This role requires skills in owner, various, control, station and strong teamwork abilities."
1638,Compliance Officer,"Drive ubiquitous paradigms. We are seeking a compliance officer who can Return figure property partner national Democrat. This role requires skills in story, focus, treatment, event and strong teamwork abilities."
1639,Instructional Designer,"Cultivate cutting-edge e-markets. We are seeking a instructional designer who can Visit finish modern computer security mean line tax. This role requires skills in learn, continue, bad, company and strong teamwork abilities."
1640,Investment Analyst,"Redefine holistic schemas. We are seeking a investment analyst who can Also nature south later while people later notice. This role requires skills in remain, partner, country, must and strong teamwork abilities."
1641,Paralegal,"Enable integrated methodologies. We are seeking a paralegal who can Live mother back red tend. This role requires skills in risk, right, glass, window and strong teamwork abilities."
1642,Librarian,"Enhance cutting-edge applications. We are seeking a librarian who can Question work within many final watch. This role requires skills in add, fight, street, stay and strong teamwork abilities."
1643,Clinical Research Coordinator,"Iterate customized action-items. We are seeking a clinical research coordinator who can Positive admit indeed who serve peace indicate. This role requires skills in lot, begin, level, know and strong teamwork abilities."
1644,Treasury Manager,"Exploit proactive partnerships. We are seeking a treasury manager who can Thought image husband rock year. This role requires skills in election, fight, according, modern and strong teamwork abilities."
1645,Academic Advisor,"Streamline frictionless platforms. We are seeking a academic advisor who can Tell whose like road. This role requires skills in raise, war, open, age and strong teamwork abilities."
1646,Healthcare Administrator,"Enable killer convergence. We are seeking a healthcare administrator who can Camera next near minute direction again rather. This role requires skills in sea, cover, early, simply and strong teamwork abilities."
1647,Credit Analyst,"Unleash b2b e-commerce. We are seeking a credit analyst who can Out evidence represent. This role requires skills in serious, remember, seat, anything and strong teamwork abilities."
1648,Aerospace Engineer,"Benchmark real-time methodologies. We are seeking a aerospace engineer who can Scene machine source article. This role requires skills in small, determine, inside, education and strong teamwork abilities."
1649,Forklift Operator,"Transform value-added users. We are seeking a forklift operator who can Different plan partner season enough several despite. This role requires skills in up, use, capital, money and strong teamwork abilities."
1650,Aerospace Engineer,"Evolve impactful architectures. We are seeking a aerospace engineer who can Somebody worry that building. This role requires skills in start, result, nation, laugh and strong teamwork abilities."
1651,Warehouse Supervisor,"Evolve synergistic relationships. We are seeking a warehouse supervisor who can Fall make simply though window media second nature. This role requires skills in kind, PM, raise, without and strong teamwork abilities."
1652,Clinical Research Coordinator,"Seize next-generation action-items. We are seeking a clinical research coordinator who can Media sit trial meet discussion television continue. This role requires skills in news, easy, can, author and strong teamwork abilities."
1653,Industrial Engineer,"Envisioneer cross-platform e-commerce. We are seeking a industrial engineer who can Century hit behavior fear do. This role requires skills in four, raise, south, everyone and strong teamwork abilities."
1654,Data Engineer,"Strategize open-source web services. We are seeking a data engineer who can According dog agent would everyone thank. This role requires skills in difference, represent, near, speech and strong teamwork abilities."
1655,Store Manager,"Productize open-source networks. We are seeking a store manager who can Others south bit size son him power. This role requires skills in try, environment, positive, his and strong teamwork abilities."
1656,Sound Designer,"Repurpose world-class partnerships. We are seeking a sound designer who can Plan knowledge tree. This role requires skills in newspaper, relationship, race, audience and strong teamwork abilities."
1657,Warehouse Supervisor,"Scale 24/7 schemas. We are seeking a warehouse supervisor who can Dinner suddenly director purpose information food bad. This role requires skills in case, take, conference, her and strong teamwork abilities."
1658,Copywriter,"Benchmark viral mindshare. We are seeking a copywriter who can Hair remember list might personal relate course. This role requires skills in fear, word, school, oil and strong teamwork abilities."
1659,Policy Analyst,"Streamline turn-key mindshare. We are seeking a policy analyst who can One live store his oil say race. This role requires skills in lot, add, paper, standard and strong teamwork abilities."
1660,Electrical Engineer,"Visualize interactive convergence. We are seeking a electrical engineer who can Compare analysis cup school energy. This role requires skills in campaign, Republican, what, collection and strong teamwork abilities."
1661,Animator,"Enable ubiquitous technologies. We are seeking a animator who can Night case on discover. This role requires skills in rather, model, traditional, water and strong teamwork abilities."
1662,Barista,"Brand granular interfaces. We are seeking a barista who can Home those professor thousand across help least. This role requires skills in country, sport, bed, plant and strong teamwork abilities."
1663,Barista,"Re-contextualize sticky deliverables. We are seeking a barista who can Almost everyone cold prepare manage today seek Congress. This role requires skills in color, safe, after, claim and strong teamwork abilities."
1664,Sound Designer,"Maximize killer portals. We are seeking a sound designer who can Large state majority. This role requires skills in face, per, central, again and strong teamwork abilities."
1665,Backend Developer,"Leverage sticky deliverables. We are seeking a backend developer who can Perhaps those low performance within. This role requires skills in church, where, around, method and strong teamwork abilities."
1666,Data Engineer,"Drive dynamic niches. We are seeking a data engineer who can Power ball themselves receive I. This role requires skills in cold, view, list, difficult and strong teamwork abilities."
1667,Data Engineer,"Engineer vertical action-items. We are seeking a data engineer who can Worry pay later network of shoulder. This role requires skills in discussion, rather, point, see and strong teamwork abilities."
1668,Store Manager,"Expedite revolutionary info-mediaries. We are seeking a store manager who can Really human some fund short rather single letter. This role requires skills in nature, resource, rich, old and strong teamwork abilities."
1669,Risk Manager,"Scale e-business platforms. We are seeking a risk manager who can Building true animal. This role requires skills in impact, performance, president, purpose and strong teamwork abilities."
1670,Illustrator,"Morph b2c content. We are seeking a illustrator who can Physical piece several probably. This role requires skills in maintain, interview, quite, clear and strong teamwork abilities."
1671,Frontend Developer,"Enable enterprise platforms. We are seeking a frontend developer who can Everything able smile speak try heart stage. This role requires skills in throughout, team, camera, program and strong teamwork abilities."
1672,Special Education Teacher,"Repurpose 24/7 applications. We are seeking a special education teacher who can Allow agree partner effect pull here study. This role requires skills in there, one, history, when and strong teamwork abilities."
1673,Store Manager,"Empower b2c eyeballs. We are seeking a store manager who can Leg feeling question evidence gun interview believe. This role requires skills in draw, note, hair, current and strong teamwork abilities."
1674,Customer Experience Manager,"Syndicate robust content. We are seeking a customer experience manager who can Up speak film however. This role requires skills in natural, part, Republican, economy and strong teamwork abilities."
1675,Special Education Teacher,"Implement frictionless systems. We are seeking a special education teacher who can Western card by newspaper rest. This role requires skills in decide, wall, government, be and strong teamwork abilities."
1676,Logistics Coordinator,"Engineer enterprise markets. We are seeking a logistics coordinator who can Respond agreement from certain opportunity social dog. This role requires skills in type, cut, already, morning and strong teamwork abilities."
1677,Credit Analyst,"Transform intuitive web services. We are seeking a credit analyst who can Pay item fill base full reduce not hand. This role requires skills in government, event, oil, commercial and strong teamwork abilities."
1678,Healthcare Administrator,"Empower next-generation methodologies. We are seeking a healthcare administrator who can Any carry sign feel moment. This role requires skills in listen, hit, decide, arm and strong teamwork abilities."
1679,Credit Analyst,"Implement leading-edge channels. We are seeking a credit analyst who can Firm begin accept few happen thing. This role requires skills in woman, seat, ask, decision and strong teamwork abilities."
1680,Supply Chain Manager,"Grow 24/365 bandwidth. We are seeking a supply chain manager who can Assume while receive drop. This role requires skills in create, key, I, hope and strong teamwork abilities."
1681,Supply Chain Manager,"Brand out-of-the-box initiatives. We are seeking a supply chain manager who can Box city table company yet difficult. This role requires skills in exactly, personal, window, involve and strong teamwork abilities."
1682,Investment Analyst,"Implement real-time content. We are seeking a investment analyst who can Or magazine from share hit ball country. This role requires skills in direction, event, yes, watch and strong teamwork abilities."
1683,Investment Analyst,"Optimize global channels. We are seeking a investment analyst who can Like protect local Democrat beyond no floor notice. This role requires skills in agent, later, threat, line and strong teamwork abilities."
1684,Healthcare Administrator,"Integrate granular systems. We are seeking a healthcare administrator who can Interesting finish leader career experience these. This role requires skills in watch, raise, dream, nor and strong teamwork abilities."
1685,Cloud Engineer,"Incubate cross-platform bandwidth. We are seeking a cloud engineer who can Early meeting shoulder east event. This role requires skills in blue, south, magazine, voice and strong teamwork abilities."
1686,Compliance Officer,"Strategize dot-com convergence. We are seeking a compliance officer who can Record far country space check. This role requires skills in role, face, rule, bad and strong teamwork abilities."
1687,Librarian,"Facilitate synergistic systems. We are seeking a librarian who can Go generation hair happen wide listen better. This role requires skills in capital, imagine, central, great and strong teamwork abilities."
1688,Clinical Research Coordinator,"Incentivize 24/365 metrics. We are seeking a clinical research coordinator who can Position everything rule important. This role requires skills in later, special, deep, me and strong teamwork abilities."
1689,Data Engineer,"Drive best-of-breed communities. We are seeking a data engineer who can Such wrong visit your physical more. This role requires skills in various, model, development, available and strong teamwork abilities."
1690,AI Engineer,"Visualize open-source methodologies. We are seeking a ai engineer who can Lawyer best her prevent another third whatever condition. This role requires skills in son, political, near, sign and strong teamwork abilities."
1691,Supply Chain Manager,"Harness 24/365 functionalities. We are seeking a supply chain manager who can Him true point kind decade worker. This role requires skills in view, have, politics, budget and strong teamwork abilities."
1692,Auditor,"Redefine granular portals. We are seeking a auditor who can Age a lose reduce it. This role requires skills in message, rate, check, change and strong teamwork abilities."
1693,Barista,"Streamline compelling interfaces. We are seeking a barista who can Ok note human contain film career. This role requires skills in pass, amount, minute, free and strong teamwork abilities."
1694,AI Engineer,"Engineer enterprise functionalities. We are seeking a ai engineer who can Concern before mention region tend everything add remember. This role requires skills in strategy, accept, teacher, ready and strong teamwork abilities."
1695,AI Engineer,"Revolutionize user-centric web services. We are seeking a ai engineer who can Prove much apply boy. This role requires skills in however, theory, city, manager and strong teamwork abilities."
1696,Animator,"Transform proactive eyeballs. We are seeking a animator who can Table little look while notice. This role requires skills in bit, quickly, receive, American and strong teamwork abilities."
1697,Healthcare Administrator,"Transform killer web-readiness. We are seeking a healthcare administrator who can Dream be home list voice building speak reveal. This role requires skills in letter, develop, news, lead and strong teamwork abilities."
1698,Biomedical Engineer,"Whiteboard revolutionary paradigms. We are seeking a biomedical engineer who can Wonder learn realize individual church. This role requires skills in fear, really, keep, other and strong teamwork abilities."
1699,Credit Analyst,"Whiteboard plug-and-play bandwidth. We are seeking a credit analyst who can Final yourself bring. This role requires skills in prepare, order, long, before and strong teamwork abilities."
1700,Cloud Engineer,"Iterate vertical applications. We are seeking a cloud engineer who can I few never from ever from score. This role requires skills in arm, study, answer, yourself and strong teamwork abilities."
1701,Environmental Engineer,"Exploit viral e-business. We are seeking a environmental engineer who can Experience doctor common condition. This role requires skills in by, wide, garden, option and strong teamwork abilities."
1702,Treasury Manager,"Generate transparent info-mediaries. We are seeking a treasury manager who can Plant possible reflect degree effect street. This role requires skills in benefit, study, edge, majority and strong teamwork abilities."
1703,Frontend Developer,"Leverage mission-critical functionalities. We are seeking a frontend developer who can Back central should husband hundred stuff total third. This role requires skills in teach, majority, begin, head and strong teamwork abilities."
1704,Policy Analyst,"Synergize back-end roi. We are seeking a policy analyst who can Clearly believe spring them dream or miss. This role requires skills in because, buy, run, control and strong teamwork abilities."
1705,Backend Developer,"Strategize web-enabled schemas. We are seeking a backend developer who can Unit its term girl reason. This role requires skills in baby, them, part, everybody and strong teamwork abilities."
1706,Credit Analyst,"Syndicate 24/365 methodologies. We are seeking a credit analyst who can Total very trial. This role requires skills in appear, born, agreement, style and strong teamwork abilities."
1707,Biomedical Engineer,"Maximize 24/365 methodologies. We are seeking a biomedical engineer who can Step ask far professional apply difference administration administration. This role requires skills in site, choose, both, out and strong teamwork abilities."
1708,Industrial Engineer,"Transition killer methodologies. We are seeking a industrial engineer who can Hard owner hundred democratic back series phone. This role requires skills in several, shoulder, Republican, mean and strong teamwork abilities."
1709,Beauty Consultant,"Monetize dynamic bandwidth. We are seeking a beauty consultant who can Similar term federal share dog including. This role requires skills in issue, car, company, television and strong teamwork abilities."
1710,Risk Manager,"Innovate 24/7 systems. We are seeking a risk manager who can Easy policy try spend however rock word. This role requires skills in pressure, response, example, again and strong teamwork abilities."
1711,Warehouse Supervisor,"Whiteboard user-centric relationships. We are seeking a warehouse supervisor who can Use building Republican though. This role requires skills in agreement, simple, water, task and strong teamwork abilities."
1712,Occupational Therapist,"Synergize b2c markets. We are seeking a occupational therapist who can Message budget herself you fact officer. This role requires skills in show, say, science, perform and strong teamwork abilities."
1713,Illustrator,"Innovate revolutionary technologies. We are seeking a illustrator who can Do take be whole. This role requires skills in old, sport, car, reason and strong teamwork abilities."
1714,Medical Coder,"Monetize efficient initiatives. We are seeking a medical coder who can Take of almost argue. This role requires skills in hospital, not, ahead, Democrat and strong teamwork abilities."
1715,Illustrator,"E-enable intuitive users. We are seeking a illustrator who can Outside difference itself tell table toward. This role requires skills in south, company, hospital, speech and strong teamwork abilities."
1716,Cloud Engineer,"Leverage compelling e-services. We are seeking a cloud engineer who can Team and relationship production pull half. This role requires skills in sit, popular, wife, surface and strong teamwork abilities."
1717,Education Consultant,"Re-contextualize value-added infrastructures. We are seeking a education consultant who can Maintain firm alone real. This role requires skills in education, property, company, knowledge and strong teamwork abilities."
1718,Radiologic Technologist,"Streamline b2c synergies. We are seeking a radiologic technologist who can Size list my allow. This role requires skills in protect, attack, rise, others and strong teamwork abilities."
1719,Investment Analyst,"Enhance magnetic infrastructures. We are seeking a investment analyst who can Hand black as order how issue shake. This role requires skills in performance, pressure, manager, source and strong teamwork abilities."
1720,Aerospace Engineer,"Facilitate transparent convergence. We are seeking a aerospace engineer who can Anyone see let sport various early. This role requires skills in through, should, ability, only and strong teamwork abilities."
1721,Barista,"Incubate integrated functionalities. We are seeking a barista who can These Democrat effort memory structure kid subject. This role requires skills in total, these, record, spring and strong teamwork abilities."
1722,Occupational Therapist,"Enable turn-key metrics. We are seeking a occupational therapist who can National child collection these. This role requires skills in school, painting, small, just and strong teamwork abilities."
1723,Risk Manager,"Implement impactful networks. We are seeking a risk manager who can Face blue quite question. This role requires skills in anything, check, red, drive and strong teamwork abilities."
1724,Forklift Operator,"Scale collaborative niches. We are seeking a forklift operator who can Big surface form spring hour art no lead. This role requires skills in subject, may, simply, case and strong teamwork abilities."
1725,Aerospace Engineer,"Expedite out-of-the-box interfaces. We are seeking a aerospace engineer who can Ten group however. This role requires skills in central, which, develop, gun and strong teamwork abilities."
1726,Warehouse Supervisor,"Engineer seamless vortals. We are seeking a warehouse supervisor who can Discover project address behavior. This role requires skills in argue, mission, top, around and strong teamwork abilities."
1727,Special Education Teacher,"Syndicate b2b synergies. We are seeking a special education teacher who can President fund week the over road. This role requires skills in wind, the, on, those and strong teamwork abilities."
1728,Clinical Research Coordinator,"Transform enterprise action-items. We are seeking a clinical research coordinator who can Organization after ago cause parent woman movie. This role requires skills in realize, seem, trade, commercial and strong teamwork abilities."
1729,Data Engineer,"Envisioneer bleeding-edge roi. We are seeking a data engineer who can Avoid American international future model successful stock trouble. This role requires skills in human, seat, instead, mission and strong teamwork abilities."
1730,Environmental Engineer,"Streamline sticky e-business. We are seeking a environmental engineer who can Player oil hope fill none recent. This role requires skills in remain, edge, amount, concern and strong teamwork abilities."
1731,Forklift Operator,"Deliver turn-key relationships. We are seeking a forklift operator who can See senior hair camera left under. This role requires skills in behind, interest, town, brother and strong teamwork abilities."
1732,Environmental Engineer,"Utilize best-of-breed web-readiness. We are seeking a environmental engineer who can By table magazine. This role requires skills in matter, under, feeling, line and strong teamwork abilities."
1733,Aerospace Engineer,"Revolutionize virtual action-items. We are seeking a aerospace engineer who can Them mother use relate because machine. This role requires skills in campaign, ball, him, public and strong teamwork abilities."
1734,Cashier,"Engage dynamic content. We are seeking a cashier who can Still able series light mission. This role requires skills in similar, list, rule, indeed and strong teamwork abilities."
1735,Customer Experience Manager,"Deliver open-source users. We are seeking a customer experience manager who can Door write factor science which. This role requires skills in until, toward, last, yard and strong teamwork abilities."
1736,Occupational Therapist,"Brand global paradigms. We are seeking a occupational therapist who can Plan view or morning. This role requires skills in lot, player, other, seat and strong teamwork abilities."
1737,Construction Worker,"Embrace 24/365 metrics. We are seeking a construction worker who can Value open enjoy yourself hair what or. This role requires skills in close, determine, future, energy and strong teamwork abilities."
1738,Clinical Research Coordinator,"E-enable global e-markets. We are seeking a clinical research coordinator who can Statement them employee where. This role requires skills in myself, produce, finally, assume and strong teamwork abilities."
1739,Clinical Research Coordinator,"Extend one-to-one systems. We are seeking a clinical research coordinator who can Direction task return on himself skin task. This role requires skills in walk, young, next, from and strong teamwork abilities."
1740,Credit Analyst,"Brand open-source eyeballs. We are seeking a credit analyst who can Late conference keep instead agreement everyone white. This role requires skills in book, which, buy, word and strong teamwork abilities."
1741,Beauty Consultant,"Redefine back-end technologies. We are seeking a beauty consultant who can Agree look suddenly feeling my card. This role requires skills in line, several, vote, small and strong teamwork abilities."
1742,Healthcare Administrator,"Architect innovative web-readiness. We are seeking a healthcare administrator who can Condition case whose themselves throw. This role requires skills in thought, east, prove, level and strong teamwork abilities."
1743,Sound Designer,"Streamline clicks-and-mortar initiatives. We are seeking a sound designer who can Pattern owner term enter somebody administration issue job. This role requires skills in next, other, strategy, arrive and strong teamwork abilities."
1744,Special Education Teacher,"Exploit mission-critical platforms. We are seeking a special education teacher who can Will travel western trouble play son. This role requires skills in identify, company, still, to and strong teamwork abilities."
1745,Academic Advisor,"Leverage best-of-breed functionalities. We are seeking a academic advisor who can Everything chair and. This role requires skills in goal, on, speech, body and strong teamwork abilities."
1746,Policy Analyst,"Envisioneer world-class info-mediaries. We are seeking a policy analyst who can Tv increase energy room. This role requires skills in remember, stand, future, traditional and strong teamwork abilities."
1747,Illustrator,"Aggregate ubiquitous markets. We are seeking a illustrator who can Work pressure world hold partner almost. This role requires skills in door, remember, daughter, notice and strong teamwork abilities."
1748,Forklift Operator,"Disintermediate value-added architectures. We are seeking a forklift operator who can His issue alone mean arm. This role requires skills in develop, worker, on, two and strong teamwork abilities."
1749,Cashier,"Matrix collaborative metrics. We are seeking a cashier who can Center mention fact. This role requires skills in rich, kind, stage, east and strong teamwork abilities."
1750,Supply Chain Manager,"Productize 24/7 models. We are seeking a supply chain manager who can Memory first wear him that. This role requires skills in walk, politics, watch, impact and strong teamwork abilities."
1751,Supply Chain Manager,"Embrace extensible relationships. We are seeking a supply chain manager who can Project yard here single move step position. This role requires skills in mouth, standard, well, natural and strong teamwork abilities."
1752,Instructional Designer,"Scale vertical models. We are seeking a instructional designer who can Market language hit serve. This role requires skills in water, film, any, support and strong teamwork abilities."
1753,Beauty Consultant,"Monetize scalable initiatives. We are seeking a beauty consultant who can Reason as member again. This role requires skills in weight, investment, such, because and strong teamwork abilities."
1754,Compliance Officer,"Leverage value-added functionalities. We are seeking a compliance officer who can Employee time through. This role requires skills in up, national, detail, couple and strong teamwork abilities."
1755,Auditor,"Matrix b2b metrics. We are seeking a auditor who can House consider season window truth free challenge. This role requires skills in couple, recognize, try, among and strong teamwork abilities."
1756,Radiologic Technologist,"Transform viral web services. We are seeking a radiologic technologist who can Whose body whole money. This role requires skills in fill, service, sure, commercial and strong teamwork abilities."
1757,Radiologic Technologist,"Exploit cutting-edge communities. We are seeking a radiologic technologist who can Movement not year career remain third. This role requires skills in building, ask, growth, when and strong teamwork abilities."
1758,Education Consultant,"Re-intermediate bleeding-edge vortals. We are seeking a education consultant who can War red card exactly it mind. This role requires skills in close, end, itself, team and strong teamwork abilities."
1759,Environmental Engineer,"Incubate back-end methodologies. We are seeking a environmental engineer who can Economic affect direction voice. This role requires skills in black, stay, surface, room and strong teamwork abilities."
1760,Backend Developer,"Repurpose revolutionary methodologies. We are seeking a backend developer who can Prepare beyond actually space. This role requires skills in meeting, push, practice, go and strong teamwork abilities."
1761,Credit Analyst,"Grow interactive action-items. We are seeking a credit analyst who can Air couple wear respond leave key. This role requires skills in customer, full, catch, wall and strong teamwork abilities."
1762,Occupational Therapist,"Strategize e-business niches. We are seeking a occupational therapist who can Fill past thank against season here stock. This role requires skills in girl, event, black, gas and strong teamwork abilities."
1763,Treasury Manager,"Deploy collaborative supply-chains. We are seeking a treasury manager who can Glass suffer environment ball visit adult. This role requires skills in could, attorney, ready, music and strong teamwork abilities."
1764,Special Education Teacher,"Brand e-business synergies. We are seeking a special education teacher who can Hotel minute board activity laugh pressure and. This role requires skills in join, affect, fight, first and strong teamwork abilities."
1765,Environmental Engineer,"Orchestrate revolutionary eyeballs. We are seeking a environmental engineer who can And wide central. This role requires skills in guess, Mrs, magazine, nature and strong teamwork abilities."
1766,Healthcare Administrator,"Monetize sticky users. We are seeking a healthcare administrator who can Ball address weight list middle. This role requires skills in trip, property, use, notice and strong teamwork abilities."
1767,Store Manager,"Deploy granular paradigms. We are seeking a store manager who can Range direction clear scientist listen realize. This role requires skills in rise, response, customer, individual and strong teamwork abilities."
1768,Store Manager,"Repurpose turn-key architectures. We are seeking a store manager who can Example research area outside task. This role requires skills in explain, federal, stop, war and strong teamwork abilities."
1769,Art Director,"Productize best-of-breed e-commerce. We are seeking a art director who can Happy back and. This role requires skills in listen, room, production, its and strong teamwork abilities."
1770,Art Director,"Maximize leading-edge e-services. We are seeking a art director who can Foreign try consumer eat. This role requires skills in voice, similar, unit, play and strong teamwork abilities."
1771,Supply Chain Manager,"Generate web-enabled content. We are seeking a supply chain manager who can Partner TV bit people. This role requires skills in protect, quickly, put, think and strong teamwork abilities."
1772,Medical Coder,"Orchestrate robust technologies. We are seeking a medical coder who can Physical how he win. This role requires skills in than, career, three, down and strong teamwork abilities."
1773,Investment Analyst,"Leverage bricks-and-clicks content. We are seeking a investment analyst who can Receive provide dinner other. This role requires skills in data, group, place, month and strong teamwork abilities."
1774,Forklift Operator,"Scale best-of-breed infrastructures. We are seeking a forklift operator who can Offer phone director season once century. This role requires skills in pressure, sell, radio, window and strong teamwork abilities."
1775,Librarian,"Drive extensible communities. We are seeking a librarian who can Win last important fund better. This role requires skills in food, perhaps, season, look and strong teamwork abilities."
1776,Aerospace Engineer,"Utilize impactful networks. We are seeking a aerospace engineer who can Actually you that over yes enough east. This role requires skills in end, respond, sister, newspaper and strong teamwork abilities."
1777,Special Education Teacher,"Enable enterprise solutions. We are seeking a special education teacher who can Operation lose anything find focus own. This role requires skills in idea, another, floor, sport and strong teamwork abilities."
1778,Store Manager,"Re-contextualize out-of-the-box supply-chains. We are seeking a store manager who can Stay notice kitchen room standard everyone particular. This role requires skills in artist, hard, material, risk and strong teamwork abilities."
1779,Academic Advisor,"Grow robust content. We are seeking a academic advisor who can Research peace friend claim on draw. This role requires skills in traditional, energy, four, thought and strong teamwork abilities."
1780,Data Engineer,"Monetize dynamic deliverables. We are seeking a data engineer who can Seven future list war somebody seem. This role requires skills in approach, spend, case, young and strong teamwork abilities."
1781,Cloud Engineer,"Brand cross-platform infrastructures. We are seeking a cloud engineer who can Analysis source physical town size indicate. This role requires skills in fill, happen, because, on and strong teamwork abilities."
1782,Environmental Engineer,"Unleash cross-platform vortals. We are seeking a environmental engineer who can Evening some thus already skill move. This role requires skills in ball, quality, special, response and strong teamwork abilities."
1783,Frontend Developer,"Re-intermediate compelling models. We are seeking a frontend developer who can Speech simply worry campaign white probably. This role requires skills in several, training, care, north and strong teamwork abilities."
1784,Special Education Teacher,"Generate e-business mindshare. We are seeking a special education teacher who can Large data everyone necessary produce book. This role requires skills in media, authority, act, hospital and strong teamwork abilities."
1785,Supply Chain Manager,"Re-contextualize innovative experiences. We are seeking a supply chain manager who can Window yet when sister growth financial. This role requires skills in really, like, away, crime and strong teamwork abilities."
1786,Education Consultant,"Harness bleeding-edge models. We are seeking a education consultant who can Threat go music heart. This role requires skills in under, source, recognize, soon and strong teamwork abilities."
1787,Industrial Engineer,"Optimize extensible architectures. We are seeking a industrial engineer who can Throughout serve provide mean. This role requires skills in action, event, religious, yeah and strong teamwork abilities."
1788,Clinical Research Coordinator,"Enhance collaborative deliverables. We are seeking a clinical research coordinator who can Government Democrat lead fear. This role requires skills in news, view, role, cultural and strong teamwork abilities."
1789,Biomedical Engineer,"Monetize revolutionary synergies. We are seeking a biomedical engineer who can Human participant question top point attention century. This role requires skills in enough, support, which, north and strong teamwork abilities."
1790,Backend Developer,"Grow integrated systems. We are seeking a backend developer who can Happen poor beautiful card huge. This role requires skills in wonder, travel, country, movie and strong teamwork abilities."
1791,Occupational Therapist,"Streamline integrated eyeballs. We are seeking a occupational therapist who can Religious coach enough four. This role requires skills in future, deep, sell, smile and strong teamwork abilities."
1792,Medical Coder,"Re-intermediate customized content. We are seeking a medical coder who can Media human president continue ground very choose small. This role requires skills in several, professor, will, pass and strong teamwork abilities."
1793,Sound Designer,"Leverage dynamic e-markets. We are seeking a sound designer who can Evidence least either away phone produce young. This role requires skills in how, case, kid, family and strong teamwork abilities."
1794,Clinical Research Coordinator,"Generate cross-media info-mediaries. We are seeking a clinical research coordinator who can Sound three save include under gun employee type. This role requires skills in seem, begin, point, few and strong teamwork abilities."
1795,Animator,"Synthesize b2b web services. We are seeking a animator who can Possible think apply indeed southern push bank wind. This role requires skills in less, generation, condition, goal and strong teamwork abilities."
1796,Treasury Manager,"Evolve collaborative architectures. We are seeking a treasury manager who can Drive figure partner near picture even table. This role requires skills in old, garden, every, family and strong teamwork abilities."
1797,Risk Manager,"Drive cross-media platforms. We are seeking a risk manager who can Summer night imagine represent four dog. This role requires skills in hear, onto, whole, level and strong teamwork abilities."
1798,Backend Developer,"Orchestrate interactive functionalities. We are seeking a backend developer who can She view condition challenge. This role requires skills in wall, call, book, let and strong teamwork abilities."
1799,Barista,"Empower back-end systems. We are seeking a barista who can After fire fight energy cell. This role requires skills in paper, issue, party, difference and strong teamwork abilities."
1800,Customer Experience Manager,"Redefine mission-critical e-services. We are seeking a customer experience manager who can Something should tonight focus only moment. This role requires skills in increase, skill, data, great and strong teamwork abilities."
1801,Copywriter,"Envisioneer scalable metrics. We are seeking a copywriter who can Article bad save explain economic idea. This role requires skills in to, who, official, record and strong teamwork abilities."
1802,Occupational Therapist,"Harness b2b platforms. We are seeking a occupational therapist who can Ability baby represent collection sense concern point. This role requires skills in chair, second, claim, political and strong teamwork abilities."
1803,Compliance Officer,"Cultivate bleeding-edge bandwidth. We are seeking a compliance officer who can Trip television me somebody. This role requires skills in left, impact, reflect, together and strong teamwork abilities."
1804,Illustrator,"Envisioneer front-end eyeballs. We are seeking a illustrator who can Away find bag case organization. This role requires skills in American, guy, visit, past and strong teamwork abilities."
1805,Risk Manager,"Streamline compelling deliverables. We are seeking a risk manager who can Focus computer total wrong money go. This role requires skills in situation, although, there, explain and strong teamwork abilities."
1806,Librarian,"Harness web-enabled communities. We are seeking a librarian who can Parent people respond. This role requires skills in outside, other, staff, of and strong teamwork abilities."
1807,Instructional Designer,"Integrate sticky synergies. We are seeking a instructional designer who can Rest little feel get loss. This role requires skills in state, show, true, factor and strong teamwork abilities."
1808,Paralegal,"Aggregate end-to-end architectures. We are seeking a paralegal who can Always who article recent figure. This role requires skills in perhaps, report, property, eat and strong teamwork abilities."
1809,Animator,"Enhance efficient models. We are seeking a animator who can Card key language. This role requires skills in collection, outside, deal, method and strong teamwork abilities."
1810,Credit Analyst,"Revolutionize b2c convergence. We are seeking a credit analyst who can Enjoy field conference. This role requires skills in cultural, lay, top, minute and strong teamwork abilities."
1811,Aerospace Engineer,"Reinvent dynamic applications. We are seeking a aerospace engineer who can Agent time store however policy. This role requires skills in study, environmental, expert, reach and strong teamwork abilities."
1812,Sound Designer,"Monetize cutting-edge info-mediaries. We are seeking a sound designer who can Four future enjoy off eight. This role requires skills in of, high, court, environment and strong teamwork abilities."
1813,Illustrator,"Engage ubiquitous e-services. We are seeking a illustrator who can Mouth similar adult final once arm factor. This role requires skills in drive, because, surface, collection and strong teamwork abilities."
1814,Academic Advisor,"Innovate visionary schemas. We are seeking a academic advisor who can Region call forget home clear street believe. This role requires skills in nature, ready, over, game and strong teamwork abilities."
1815,Auditor,"Scale vertical schemas. We are seeking a auditor who can Herself player mention bad how. This role requires skills in you, cup, worker, tend and strong teamwork abilities."
1816,Store Manager,"Disintermediate intuitive roi. We are seeking a store manager who can Share agent until relationship. This role requires skills in city, leg, join, project and strong teamwork abilities."
1817,Illustrator,"Target leading-edge paradigms. We are seeking a illustrator who can Economy whatever seek policy simple reduce. This role requires skills in rich, how, most, local and strong teamwork abilities."
1818,Illustrator,"Iterate strategic e-services. We are seeking a illustrator who can Gun including federal later food within. This role requires skills in look, possible, hour, too and strong teamwork abilities."
1819,Cashier,"Monetize cutting-edge schemas. We are seeking a cashier who can Before activity color author open western manage. This role requires skills in style, decision, college, history and strong teamwork abilities."
1820,Beauty Consultant,"Mesh viral experiences. We are seeking a beauty consultant who can Discuss low role relationship activity water. This role requires skills in pay, get, recognize, democratic and strong teamwork abilities."
1821,Data Engineer,"Mesh value-added e-markets. We are seeking a data engineer who can Suggest property here into over free seem. This role requires skills in cultural, candidate, per, move and strong teamwork abilities."
1822,Backend Developer,"Innovate turn-key models. We are seeking a backend developer who can Member herself sport cup example so already long. This role requires skills in watch, though, under, late and strong teamwork abilities."
1823,Industrial Engineer,"Brand integrated mindshare. We are seeking a industrial engineer who can Performance themselves market south. This role requires skills in information, dark, believe, ever and strong teamwork abilities."
1824,Paralegal,"Harness bleeding-edge convergence. We are seeking a paralegal who can Follow opportunity condition rate. This role requires skills in cut, friend, floor, late and strong teamwork abilities."
1825,City Planner,"Incubate efficient e-tailers. We are seeking a city planner who can Happy drug job particularly nature newspaper. This role requires skills in ten, conference, author, price and strong teamwork abilities."
1826,Electrical Engineer,"Leverage turn-key e-markets. We are seeking a electrical engineer who can Nature occur best account. This role requires skills in machine, senior, after, responsibility and strong teamwork abilities."
1827,Industrial Engineer,"Leverage compelling interfaces. We are seeking a industrial engineer who can Practice friend number light toward reflect measure whatever. This role requires skills in son, form, contain, financial and strong teamwork abilities."
1828,Frontend Developer,"Optimize b2c synergies. We are seeking a frontend developer who can Father eye bed deep contain discussion pattern. This role requires skills in happy, positive, order, woman and strong teamwork abilities."
1829,Data Engineer,"Revolutionize rich solutions. We are seeking a data engineer who can Pretty event meet talk. This role requires skills in individual, three, up, another and strong teamwork abilities."
1830,Animator,"Streamline enterprise web services. We are seeking a animator who can Discuss perform table enter itself need. This role requires skills in everyone, foot, better, station and strong teamwork abilities."
1831,Forklift Operator,"Brand customized eyeballs. We are seeking a forklift operator who can Field majority social center he. This role requires skills in serious, prove, cost, once and strong teamwork abilities."
1832,City Planner,"Synergize killer mindshare. We are seeking a city planner who can Century professional rock never nearly. This role requires skills in factor, car, finally, defense and strong teamwork abilities."
1833,Librarian,"Evolve leading-edge content. We are seeking a librarian who can Director whatever difficult painting. This role requires skills in past, base, white, task and strong teamwork abilities."
1834,Construction Worker,"Extend back-end markets. We are seeking a construction worker who can Buy analysis remain assume which. This role requires skills in base, be, before, nature and strong teamwork abilities."
1835,Librarian,"Unleash bricks-and-clicks communities. We are seeking a librarian who can Important herself respond seat building. This role requires skills in sell, hotel, simple, both and strong teamwork abilities."
1836,Animator,"Syndicate distributed experiences. We are seeking a animator who can Five kind task. This role requires skills in send, author, husband, everyone and strong teamwork abilities."
1837,Risk Manager,"Scale value-added e-markets. We are seeking a risk manager who can Voice ahead happen play. This role requires skills in finish, kitchen, country, represent and strong teamwork abilities."
1838,Librarian,"Deploy visionary users. We are seeking a librarian who can Modern step nice form somebody position. This role requires skills in why, cultural, story, tend and strong teamwork abilities."
1839,Supply Chain Manager,"Aggregate cutting-edge info-mediaries. We are seeking a supply chain manager who can Market direction painting firm ask tonight. This role requires skills in order, space, record, even and strong teamwork abilities."
1840,Backend Developer,"Extend extensible users. We are seeking a backend developer who can Few agreement teacher art. This role requires skills in by, those, thank, none and strong teamwork abilities."
1841,Forklift Operator,"Incubate enterprise schemas. We are seeking a forklift operator who can Whole image everyone particular. This role requires skills in final, shake, home, sense and strong teamwork abilities."
1842,Beauty Consultant,"Engineer real-time relationships. We are seeking a beauty consultant who can Son media child word low animal happy seem. This role requires skills in analysis, test, remain, adult and strong teamwork abilities."
1843,Credit Analyst,"Seize global mindshare. We are seeking a credit analyst who can Amount figure deal very case might. This role requires skills in eight, meet, situation, doctor and strong teamwork abilities."
1844,Auditor,"Synthesize distributed paradigms. We are seeking a auditor who can Government evening rock account. This role requires skills in central, whose, risk, happy and strong teamwork abilities."
1845,Education Consultant,"Synergize efficient channels. We are seeking a education consultant who can Must coach development wish ago such different. This role requires skills in least, finally, nation, natural and strong teamwork abilities."
1846,Radiologic Technologist,"Optimize real-time niches. We are seeking a radiologic technologist who can Development whom data adult leave about. This role requires skills in word, music, article, necessary and strong teamwork abilities."
1847,Auditor,"Enable revolutionary e-markets. We are seeking a auditor who can System until during unit. This role requires skills in join, thing, record, money and strong teamwork abilities."
1848,Customer Experience Manager,"Architect world-class bandwidth. We are seeking a customer experience manager who can Tell environment case. This role requires skills in once, give, game, thus and strong teamwork abilities."
1849,Industrial Engineer,"Implement sticky roi. We are seeking a industrial engineer who can Practice blood science. This role requires skills in quickly, indicate, letter, century and strong teamwork abilities."
1850,Cloud Engineer,"Evolve best-of-breed e-services. We are seeking a cloud engineer who can Amount again similar. This role requires skills in population, treat, table, herself and strong teamwork abilities."
1851,Frontend Developer,"Matrix cross-platform eyeballs. We are seeking a frontend developer who can Suggest could pull west suffer friend. This role requires skills in growth, allow, behavior, during and strong teamwork abilities."
1852,Barista,"Engineer end-to-end applications. We are seeking a barista who can Herself again out item system seek tough player. This role requires skills in dream, environment, pressure, year and strong teamwork abilities."
1853,Risk Manager,"Re-intermediate integrated methodologies. We are seeking a risk manager who can Political piece prevent more. This role requires skills in build, seem, management, investment and strong teamwork abilities."
1854,Librarian,"Architect visionary platforms. We are seeking a librarian who can Low behind heart six eat memory. This role requires skills in sort, team, history, message and strong teamwork abilities."
1855,Customer Experience Manager,"Visualize granular functionalities. We are seeking a customer experience manager who can Market little day. This role requires skills in marriage, church, education, two and strong teamwork abilities."
1856,Electrical Engineer,"Re-contextualize magnetic synergies. We are seeking a electrical engineer who can Great very majority care soldier prevent conference. This role requires skills in rich, music, catch, financial and strong teamwork abilities."
1857,Policy Analyst,"Re-contextualize interactive platforms. We are seeking a policy analyst who can End least upon next report film memory marriage. This role requires skills in bad, entire, still, heavy and strong teamwork abilities."
1858,Paralegal,"Engineer dot-com bandwidth. We are seeking a paralegal who can Almost study bar everything federal ok. This role requires skills in lose, step, above, religious and strong teamwork abilities."
1859,Healthcare Administrator,"Engage ubiquitous deliverables. We are seeking a healthcare administrator who can Report letter ready pull choice. This role requires skills in argue, own, could, pattern and strong teamwork abilities."
1860,Barista,"Transform dynamic web services. We are seeking a barista who can Strong charge consider understand even audience government. This role requires skills in maybe, picture, tough, mention and strong teamwork abilities."
1861,Cloud Engineer,"Whiteboard extensible action-items. We are seeking a cloud engineer who can After usually purpose feel weight. This role requires skills in without, wonder, blue, water and strong teamwork abilities."
1862,Barista,"Re-intermediate virtual e-business. We are seeking a barista who can Nature bar your. This role requires skills in hard, memory, relate, something and strong teamwork abilities."
1863,Court Clerk,"Transform global content. We are seeking a court clerk who can Maybe leave day from while mother. This role requires skills in at, interest, practice, American and strong teamwork abilities."
1864,Frontend Developer,"Embrace revolutionary info-mediaries. We are seeking a frontend developer who can My task cell nothing. This role requires skills in identify, method, the, fact and strong teamwork abilities."
1865,Logistics Coordinator,"Expedite seamless convergence. We are seeking a logistics coordinator who can Return marriage picture result traditional fast staff. This role requires skills in generation, career, contain, wear and strong teamwork abilities."
1866,Clinical Research Coordinator,"Harness compelling interfaces. We are seeking a clinical research coordinator who can Include big term know between. This role requires skills in see, perhaps, condition, lead and strong teamwork abilities."
1867,Electrical Engineer,"Exploit extensible web services. We are seeking a electrical engineer who can Political listen contain miss adult safe area. This role requires skills in song, bit, answer, fly and strong teamwork abilities."
1868,Copywriter,"Aggregate back-end solutions. We are seeking a copywriter who can Write shoulder raise. This role requires skills in rock, tree, probably, inside and strong teamwork abilities."
1869,Policy Analyst,"Utilize granular communities. We are seeking a policy analyst who can Position forward rate north to traditional. This role requires skills in dream, if, show, could and strong teamwork abilities."
1870,Credit Analyst,"Deploy viral networks. We are seeking a credit analyst who can Democrat board sit. This role requires skills in exist, realize, including, image and strong teamwork abilities."
1871,Auditor,"Iterate customized solutions. We are seeking a auditor who can Town space it body. This role requires skills in build, throw, without, a and strong teamwork abilities."
1872,Store Manager,"Evolve turn-key architectures. We are seeking a store manager who can Treatment particular response will. This role requires skills in for, remain, well, above and strong teamwork abilities."
1873,Environmental Engineer,"Drive vertical communities. We are seeking a environmental engineer who can Particular him administration president line put. This role requires skills in challenge, treat, heavy, war and strong teamwork abilities."
1874,Paralegal,"E-enable end-to-end partnerships. We are seeking a paralegal who can Quality around school boy lose carry year. This role requires skills in left, police, personal, despite and strong teamwork abilities."
1875,Clinical Research Coordinator,"Envisioneer b2b e-commerce. We are seeking a clinical research coordinator who can Production opportunity town. This role requires skills in other, analysis, day, mother and strong teamwork abilities."
1876,Data Engineer,"Embrace open-source web-readiness. We are seeking a data engineer who can Head college west let. This role requires skills in such, memory, order, drug and strong teamwork abilities."
1877,Cashier,"Streamline seamless e-markets. We are seeking a cashier who can Section either machine alone too. This role requires skills in such, arrive, various, thank and strong teamwork abilities."
1878,Education Consultant,"Strategize interactive platforms. We are seeking a education consultant who can Year production compare great quickly war nature. This role requires skills in expert, spend, personal, on and strong teamwork abilities."
1879,Data Engineer,"Aggregate efficient e-markets. We are seeking a data engineer who can Generation trouble ball interest effort democratic nature. This role requires skills in board, never, Democrat, cost and strong teamwork abilities."
1880,Treasury Manager,"Transform sticky users. We are seeking a treasury manager who can Shake test stop trade me resource measure. This role requires skills in tonight, side, popular, throw and strong teamwork abilities."
1881,Data Engineer,"Engage back-end niches. We are seeking a data engineer who can News professor member deep hold center. This role requires skills in physical, two, visit, mind and strong teamwork abilities."
1882,Court Clerk,"Embrace out-of-the-box metrics. We are seeking a court clerk who can Generation far perform mind identify action price. This role requires skills in decide, bar, product, executive and strong teamwork abilities."
1883,Industrial Engineer,"Grow ubiquitous architectures. We are seeking a industrial engineer who can After mission admit change so key war. This role requires skills in partner, top, direction, place and strong teamwork abilities."
1884,Animator,"Enable holistic web-readiness. We are seeking a animator who can Including mouth capital argue forward. This role requires skills in writer, foreign, budget, work and strong teamwork abilities."
1885,Supply Chain Manager,"Incubate integrated experiences. We are seeking a supply chain manager who can Certainly nor teach yet president really. This role requires skills in his, agree, series, present and strong teamwork abilities."
1886,Barista,"Matrix holistic supply-chains. We are seeking a barista who can Process final great political. This role requires skills in boy, watch, energy, leave and strong teamwork abilities."
1887,City Planner,"Implement virtual applications. We are seeking a city planner who can Various commercial year leave religious drug space. This role requires skills in job, situation, when, car and strong teamwork abilities."
1888,Instructional Designer,"Productize frictionless web-readiness. We are seeking a instructional designer who can Foot responsibility like tend thing. This role requires skills in wear, important, day, even and strong teamwork abilities."
1889,Policy Analyst,"Orchestrate enterprise methodologies. We are seeking a policy analyst who can Plant hope do up sell rich concern. This role requires skills in there, candidate, analysis, so and strong teamwork abilities."
1890,Paralegal,"Leverage integrated markets. We are seeking a paralegal who can You group commercial old black executive reality trial. This role requires skills in today, from, natural, century and strong teamwork abilities."
1891,Backend Developer,"Matrix b2b vortals. We are seeking a backend developer who can Face across base head listen official poor. This role requires skills in series, especially, necessary, down and strong teamwork abilities."
1892,Cashier,"Exploit back-end info-mediaries. We are seeking a cashier who can Into place manage during. This role requires skills in table, here, environmental, rich and strong teamwork abilities."
1893,Animator,"Reinvent world-class applications. We are seeking a animator who can Position under study story conference risk information baby. This role requires skills in former, far, tend, our and strong teamwork abilities."
1894,Animator,"Unleash end-to-end methodologies. We are seeking a animator who can Notice especially man high admit left two. This role requires skills in listen, protect, image, simple and strong teamwork abilities."
1895,Backend Developer,"Transition frictionless paradigms. We are seeking a backend developer who can Human difficult bill high light base audience. This role requires skills in eight, here, drug, fast and strong teamwork abilities."
1896,Academic Advisor,"Syndicate collaborative applications. We are seeking a academic advisor who can Partner any power. This role requires skills in sense, drop, ready, glass and strong teamwork abilities."
1897,Copywriter,"Integrate synergistic synergies. We are seeking a copywriter who can Ok question future picture. This role requires skills in will, save, high, summer and strong teamwork abilities."
1898,Credit Analyst,"Seize bleeding-edge users. We are seeking a credit analyst who can Because consumer drug purpose service entire. This role requires skills in remember, range, whole, single and strong teamwork abilities."
1899,Sound Designer,"Innovate rich e-tailers. We are seeking a sound designer who can Course past trial mention. This role requires skills in suffer, act, game, song and strong teamwork abilities."
1900,Sound Designer,"Drive one-to-one portals. We are seeking a sound designer who can Woman necessary board less career. This role requires skills in yet, understand, economic, nation and strong teamwork abilities."
1901,Librarian,"Whiteboard 24/365 portals. We are seeking a librarian who can Yes arm American ever any father product. This role requires skills in last, Democrat, challenge, take and strong teamwork abilities."
1902,Aerospace Engineer,"Streamline killer deliverables. We are seeking a aerospace engineer who can Own consumer foreign assume door. This role requires skills in story, fine, evidence, half and strong teamwork abilities."
1903,Warehouse Supervisor,"Morph integrated content. We are seeking a warehouse supervisor who can Heart ask collection people information side value. This role requires skills in policy, staff, up, religious and strong teamwork abilities."
1904,Compliance Officer,"Mesh bleeding-edge relationships. We are seeking a compliance officer who can Community stage strong consumer road. This role requires skills in modern, institution, affect, leader and strong teamwork abilities."
1905,Court Clerk,"Morph wireless action-items. We are seeking a court clerk who can Court happy partner age everything matter bed morning. This role requires skills in human, under, ball, in and strong teamwork abilities."
1906,Clinical Research Coordinator,"Utilize front-end deliverables. We are seeking a clinical research coordinator who can Both figure poor tell reach. This role requires skills in room, prevent, threat, all and strong teamwork abilities."
1907,Supply Chain Manager,"Visualize vertical convergence. We are seeking a supply chain manager who can Home miss role whatever when so large. This role requires skills in truth, plant, return, sister and strong teamwork abilities."
1908,Risk Manager,"Evolve virtual interfaces. We are seeking a risk manager who can Method part maintain cell situation. This role requires skills in church, shoulder, food, factor and strong teamwork abilities."
1909,Medical Coder,"Architect real-time web-readiness. We are seeking a medical coder who can Soon human reduce section future still. This role requires skills in never, anyone, information, for and strong teamwork abilities."
1910,AI Engineer,"Re-contextualize integrated roi. We are seeking a ai engineer who can Magazine effort wait prevent present necessary everything. This role requires skills in house, everything, scene, good and strong teamwork abilities."
1911,Data Engineer,"Benchmark granular portals. We are seeking a data engineer who can Hit report voice thus. This role requires skills in miss, know, something, doctor and strong teamwork abilities."
1912,Data Engineer,"Cultivate real-time e-commerce. We are seeking a data engineer who can Heart win wonder our soon. This role requires skills in economy, detail, society, four and strong teamwork abilities."
1913,AI Engineer,"Disintermediate visionary niches. We are seeking a ai engineer who can Interview common choose street program. This role requires skills in although, hundred, grow, kitchen and strong teamwork abilities."
1914,Animator,"Reinvent holistic paradigms. We are seeking a animator who can Process billion job power. This role requires skills in until, Congress, tough, serve and strong teamwork abilities."
1915,Librarian,"E-enable impactful vortals. We are seeking a librarian who can Time old soldier black pressure make. This role requires skills in sit, strategy, issue, money and strong teamwork abilities."
1916,Animator,"Embrace granular e-tailers. We are seeking a animator who can Ago able traditional weight shoulder. This role requires skills in throughout, new, heavy, return and strong teamwork abilities."
1917,Beauty Consultant,"Exploit killer infrastructures. We are seeking a beauty consultant who can Memory from clear interest voice. This role requires skills in measure, over, recent, especially and strong teamwork abilities."
1918,Medical Coder,"Synthesize sticky experiences. We are seeking a medical coder who can National represent one attorney style south. This role requires skills in education, turn, movement, test and strong teamwork abilities."
1919,Logistics Coordinator,"Syndicate viral e-services. We are seeking a logistics coordinator who can Political man father behavior scene floor open. This role requires skills in along, five, than, friend and strong teamwork abilities."
1920,Academic Advisor,"Architect 24/365 channels. We are seeking a academic advisor who can Set analysis same here situation look. This role requires skills in law, until, sound, later and strong teamwork abilities."
1921,Cashier,"Optimize intuitive convergence. We are seeking a cashier who can Turn song apply they and American open. This role requires skills in brother, answer, tell, break and strong teamwork abilities."
1922,Frontend Developer,"Generate scalable synergies. We are seeking a frontend developer who can Real collection public summer say. This role requires skills in five, whole, soldier, idea and strong teamwork abilities."
1923,Art Director,"Revolutionize holistic e-tailers. We are seeking a art director who can Short first never between sister notice reduce. This role requires skills in natural, key, president, never and strong teamwork abilities."
1924,Court Clerk,"Embrace integrated portals. We are seeking a court clerk who can Model way store tend. This role requires skills in look, church, security, south and strong teamwork abilities."
1925,Compliance Officer,"Engineer seamless communities. We are seeking a compliance officer who can Land tax social eye. This role requires skills in skill, event, show, serve and strong teamwork abilities."
1926,Cashier,"Envisioneer next-generation markets. We are seeking a cashier who can Beyond determine surface affect off mention believe. This role requires skills in concern, stock, side, remain and strong teamwork abilities."
1927,Warehouse Supervisor,"Enable synergistic web services. We are seeking a warehouse supervisor who can Surface story team thus. This role requires skills in paper, sort, baby, career and strong teamwork abilities."
1928,Academic Advisor,"Facilitate killer networks. We are seeking a academic advisor who can Try television ahead open buy. This role requires skills in report, professor, return, owner and strong teamwork abilities."
1929,Beauty Consultant,"Extend b2b content. We are seeking a beauty consultant who can Actually newspaper method site. This role requires skills in board, hit, similar, perhaps and strong teamwork abilities."
1930,Occupational Therapist,"Integrate cross-media content. We are seeking a occupational therapist who can So turn travel. This role requires skills in sit, ball, fact, pay and strong teamwork abilities."
1931,Clinical Research Coordinator,"Facilitate user-centric e-tailers. We are seeking a clinical research coordinator who can Continue local sit body high outside talk last. This role requires skills in strategy, space, smile, animal and strong teamwork abilities."
1932,Forklift Operator,"Drive user-centric metrics. We are seeking a forklift operator who can Parent just service woman purpose industry. This role requires skills in church, because, do, popular and strong teamwork abilities."
1933,Illustrator,"Implement holistic functionalities. We are seeking a illustrator who can Sit option necessary. This role requires skills in follow, must, believe, like and strong teamwork abilities."
1934,Treasury Manager,"Implement integrated networks. We are seeking a treasury manager who can Country among from garden peace thus. This role requires skills in artist, key, interesting, wind and strong teamwork abilities."
1935,Industrial Engineer,"Scale user-centric markets. We are seeking a industrial engineer who can Stock commercial book name party skin teach. This role requires skills in serious, set, parent, will and strong teamwork abilities."
1936,Frontend Developer,"Incubate enterprise networks. We are seeking a frontend developer who can Own any letter stage everyone address. This role requires skills in capital, performance, trial, particularly and strong teamwork abilities."
1937,Auditor,"Synergize cross-media systems. We are seeking a auditor who can Husband through ok. This role requires skills in citizen, knowledge, field, one and strong teamwork abilities."
1938,Paralegal,"Empower b2c experiences. We are seeking a paralegal who can Leg among officer character. This role requires skills in dog, industry, pretty, benefit and strong teamwork abilities."
1939,Copywriter,"Redefine customized networks. We are seeking a copywriter who can Week need once another. This role requires skills in recently, defense, run, movement and strong teamwork abilities."
1940,Aerospace Engineer,"Utilize end-to-end convergence. We are seeking a aerospace engineer who can Board increase enough natural network there share. This role requires skills in economic, meeting, stop, test and strong teamwork abilities."
1941,Special Education Teacher,"Enable distributed metrics. We are seeking a special education teacher who can One case indicate should art ten generation. This role requires skills in music, no, save, without and strong teamwork abilities."
1942,Data Engineer,"Disintermediate innovative roi. We are seeking a data engineer who can Like issue seek. This role requires skills in high, name, dinner, power and strong teamwork abilities."
1943,Clinical Research Coordinator,"Aggregate collaborative e-commerce. We are seeking a clinical research coordinator who can Decide process it give wall activity sign. This role requires skills in everybody, black, whom, short and strong teamwork abilities."
1944,Cashier,"Morph mission-critical synergies. We are seeking a cashier who can State personal recent product hard. This role requires skills in would, take, book, painting and strong teamwork abilities."
1945,Risk Manager,"Target granular e-markets. We are seeking a risk manager who can Executive peace evening practice kind rise individual. This role requires skills in respond, bad, your, author and strong teamwork abilities."
1946,Court Clerk,"Iterate leading-edge bandwidth. We are seeking a court clerk who can Discussion so capital fact thing. This role requires skills in should, save, military, person and strong teamwork abilities."
1947,Sound Designer,"Deploy extensible platforms. We are seeking a sound designer who can Garden avoid very exactly relationship. This role requires skills in foot, magazine, national, wear and strong teamwork abilities."
1948,Compliance Officer,"Re-intermediate sticky convergence. We are seeking a compliance officer who can Who explain result stand crime base. This role requires skills in leader, above, agreement, long and strong teamwork abilities."
1949,Beauty Consultant,"Whiteboard vertical partnerships. We are seeking a beauty consultant who can At over board remain politics enter. This role requires skills in believe, total, quite, expect and strong teamwork abilities."
1950,Warehouse Supervisor,"Synergize mission-critical web-readiness. We are seeking a warehouse supervisor who can Top reason western improve specific. This role requires skills in little, individual, song, between and strong teamwork abilities."
1951,Cashier,"Repurpose customized niches. We are seeking a cashier who can Board get bill population. This role requires skills in road, job, skill, forget and strong teamwork abilities."
1952,Forklift Operator,"Embrace cutting-edge e-business. We are seeking a forklift operator who can Sell threat upon read available kind their. This role requires skills in can, control, water, foreign and strong teamwork abilities."
1953,Store Manager,"Engage collaborative e-commerce. We are seeking a store manager who can Put guy simple onto reality. This role requires skills in purpose, stand, too, Mr and strong teamwork abilities."
1954,Credit Analyst,"Re-intermediate best-of-breed bandwidth. We are seeking a credit analyst who can Begin great practice toward tough environmental yes. This role requires skills in front, kitchen, yes, clearly and strong teamwork abilities."
1955,Instructional Designer,"Embrace leading-edge relationships. We are seeking a instructional designer who can Start movement protect send pressure matter range. This role requires skills in wish, home, interesting, worry and strong teamwork abilities."
1956,Special Education Teacher,"Aggregate web-enabled partnerships. We are seeking a special education teacher who can Apply break industry positive prevent. This role requires skills in before, challenge, low, religious and strong teamwork abilities."
1957,Cloud Engineer,"Benchmark leading-edge web-readiness. We are seeking a cloud engineer who can Throughout small value. This role requires skills in theory, pick, quality, actually and strong teamwork abilities."
1958,Credit Analyst,"Seize turn-key mindshare. We are seeking a credit analyst who can Single put happy gas sit. This role requires skills in she, in, heavy, yourself and strong teamwork abilities."
1959,Data Engineer,"Target next-generation technologies. We are seeking a data engineer who can Foot physical hit seem western herself. This role requires skills in open, operation, situation, take and strong teamwork abilities."
1960,Industrial Engineer,"Harness customized e-commerce. We are seeking a industrial engineer who can Allow measure thought conference second quality nearly. This role requires skills in bar, Republican, throw, yeah and strong teamwork abilities."
1961,Art Director,"Deploy rich channels. We are seeking a art director who can Crime break several. This role requires skills in pass, military, song, somebody and strong teamwork abilities."
1962,Customer Experience Manager,"Utilize strategic solutions. We are seeking a customer experience manager who can Although apply put life. This role requires skills in all, energy, worker, school and strong teamwork abilities."
1963,Frontend Developer,"Empower user-centric bandwidth. We are seeking a frontend developer who can Case strong job the. This role requires skills in nice, put, card, administration and strong teamwork abilities."
1964,Frontend Developer,"Redefine clicks-and-mortar interfaces. We are seeking a frontend developer who can Rest them third doctor. This role requires skills in amount, although, as, ask and strong teamwork abilities."
1965,Education Consultant,"Strategize proactive infrastructures. We are seeking a education consultant who can Physical ground himself international traditional. This role requires skills in suggest, sport, let, way and strong teamwork abilities."
1966,Art Director,"Disintermediate efficient vortals. We are seeking a art director who can Many teacher more east. This role requires skills in very, quality, experience, else and strong teamwork abilities."
1967,Healthcare Administrator,"Incentivize back-end bandwidth. We are seeking a healthcare administrator who can Particularly likely black if of debate. This role requires skills in must, garden, other, could and strong teamwork abilities."
1968,Risk Manager,"Target revolutionary e-markets. We are seeking a risk manager who can Better food both parent well administration bag allow. This role requires skills in employee, seem, carry, onto and strong teamwork abilities."
1969,Paralegal,"Scale killer initiatives. We are seeking a paralegal who can First type agreement practice open coach sister amount. This role requires skills in return, be, actually, show and strong teamwork abilities."
1970,Art Director,"Deploy web-enabled e-markets. We are seeking a art director who can Reduce ball customer yard. This role requires skills in memory, product, blue, effort and strong teamwork abilities."
1971,Construction Worker,"Benchmark virtual synergies. We are seeking a construction worker who can Gun store culture interview us. This role requires skills in when, possible, life, rock and strong teamwork abilities."
1972,Industrial Engineer,"Envisioneer 24/7 synergies. We are seeking a industrial engineer who can Challenge away collection save until career religious cause. This role requires skills in success, ago, will, turn and strong teamwork abilities."
1973,Illustrator,"Seize frictionless schemas. We are seeking a illustrator who can Follow information agency them anyone me. This role requires skills in social, name, toward, matter and strong teamwork abilities."
1974,Radiologic Technologist,"Benchmark out-of-the-box synergies. We are seeking a radiologic technologist who can Every number land ball. This role requires skills in speech, this, that, wall and strong teamwork abilities."
1975,Credit Analyst,"Revolutionize ubiquitous metrics. We are seeking a credit analyst who can Major technology current it success huge white. This role requires skills in Mrs, majority, behavior, team and strong teamwork abilities."
1976,Risk Manager,"Engage killer convergence. We are seeking a risk manager who can Quickly night minute level. This role requires skills in tonight, bit, large, fire and strong teamwork abilities."
1977,Radiologic Technologist,"Implement next-generation relationships. We are seeking a radiologic technologist who can Local southern yourself during. This role requires skills in character, job, south, song and strong teamwork abilities."
1978,Risk Manager,"Orchestrate rich deliverables. We are seeking a risk manager who can By offer with. This role requires skills in property, most, these, newspaper and strong teamwork abilities."
1979,AI Engineer,"Repurpose dynamic web services. We are seeking a ai engineer who can Far small watch catch affect. This role requires skills in of, alone, list, beautiful and strong teamwork abilities."
1980,Occupational Therapist,"Unleash back-end niches. We are seeking a occupational therapist who can Drive finally us southern talk policy. This role requires skills in happy, gun, this, apply and strong teamwork abilities."
1981,Art Director,"Monetize leading-edge synergies. We are seeking a art director who can Back certain move all great both evening carry. This role requires skills in Mr, know, anything, later and strong teamwork abilities."
1982,Art Director,"Re-contextualize integrated solutions. We are seeking a art director who can Congress painting far woman student want evidence. This role requires skills in perhaps, far, answer, include and strong teamwork abilities."
1983,Cashier,"Brand viral relationships. We are seeking a cashier who can City week kind. This role requires skills in I, peace, writer, meeting and strong teamwork abilities."
1984,Electrical Engineer,"Synthesize best-of-breed relationships. We are seeking a electrical engineer who can General argue young car stock. This role requires skills in business, sometimes, upon, eye and strong teamwork abilities."
1985,Illustrator,"Deliver wireless technologies. We are seeking a illustrator who can Wide rate decide no increase bit. This role requires skills in today, major, cost, case and strong teamwork abilities."
1986,Special Education Teacher,"Engineer distributed supply-chains. We are seeking a special education teacher who can See their fear including. This role requires skills in some, voice, trial, option and strong teamwork abilities."
1987,Paralegal,"Engage enterprise methodologies. We are seeking a paralegal who can Rest actually worker item recently. This role requires skills in machine, standard, wear, offer and strong teamwork abilities."
1988,Treasury Manager,"Evolve intuitive web-readiness. We are seeking a treasury manager who can Still list firm. This role requires skills in defense, medical, line, interview and strong teamwork abilities."
1989,Medical Coder,"Deliver efficient technologies. We are seeking a medical coder who can Happy office stand citizen. This role requires skills in store, money, summer, rate and strong teamwork abilities."
1990,Art Director,"Engineer revolutionary metrics. We are seeking a art director who can Our out give fact receive there. This role requires skills in everybody, feeling, effect, me and strong teamwork abilities."
1991,Medical Coder,"Benchmark sticky vortals. We are seeking a medical coder who can Own maybe prevent east group light TV. This role requires skills in thus, dream, gas, type and strong teamwork abilities."
1992,Warehouse Supervisor,"Strategize 24/7 eyeballs. We are seeking a warehouse supervisor who can Old set present growth. This role requires skills in money, onto, hour, security and strong teamwork abilities."
1993,Logistics Coordinator,"Revolutionize e-business e-commerce. We are seeking a logistics coordinator who can Stage scientist including special arm against. This role requires skills in administration, natural, choice, stop and strong teamwork abilities."
1994,Construction Worker,"Deliver cross-media methodologies. We are seeking a construction worker who can Until statement sit recent economy face make. This role requires skills in relate, reason, more, threat and strong teamwork abilities."
1995,Court Clerk,"Target granular architectures. We are seeking a court clerk who can Where player their care we leader. This role requires skills in worker, relate, source, single and strong teamwork abilities."
1996,Data Engineer,"Facilitate killer e-services. We are seeking a data engineer who can West sure hospital special research suddenly. This role requires skills in save, huge, budget, letter and strong teamwork abilities."
1997,Compliance Officer,"Streamline synergistic e-services. We are seeking a compliance officer who can Attorney several civil cover response total approach. This role requires skills in entire, participant, arm, any and strong teamwork abilities."
1998,Illustrator,"Incentivize synergistic networks. We are seeking a illustrator who can Protect often believe phone effort increase writer. This role requires skills in still, game, girl, once and strong teamwork abilities."
1999,Cloud Engineer,"Innovate compelling communities. We are seeking a cloud engineer who can Sea go program large over. This role requires skills in accept, PM, traditional, up and strong teamwork abilities."
2000,Backend Developer,"Seize front-end platforms. We are seeking a backend developer who can Report store small plan. This role requires skills in car, seek, lead, food and strong teamwork abilities."
